Summary,,,,,,,,,,
YouthBks,DoItYBks,GeogBks,,,,,,,,
ChildBks,,,,,,,,,,
,,,,,,,,,,
ChildBks,YouthBks,CookBks,RefBks,GeogBks,,,,,,
CookBks,GeogBks,,,,,,,,,
ChildBks,ArtBks,Florence,,,,,,,,
YouthBks,,,,,,,,,,
YouthBks,RefBks,,,,,,,,,
ChildBks,DoItYBks,,,,,,,,,
ChildBks,YouthBks,CookBks,GeogBks,,,,,,,
,,,,,,,,,,
CookBks,GeogBks,,,,,,,,,
ChildBks,ArtBks,Florence,,,,,,,,
ChildBks,YouthBks,DoItYBks,RefBks,ArtBks,ItalAtlas,ItalArt,,,,
ChildBks,YouthBks,CookBks,,,,,,,,
ChildBks,YouthBks,CookBks,GeogBks,,,,,,,
CookBks,,,,,,,,,,
CookBks,,,,,,,,,,
ChildBks,YouthBks,CookBks,DoItYBks,RefBks,ArtBks,GeogBks,,,,
ChildBks,YouthBks,CookBks,ArtBks,Florence,,,,,,
YouthBks,,,,,,,,,,
ChildBks,,,,,,,,,,
,,,,,,,,,,
CookBks,GeogBks,,,,,,,,,
CookBks,,,,,,,,,,
YouthBks,CookBks,DoItYBks,ArtBks,GeogBks,,,,,,
ChildBks,CookBks,DoItYBks,RefBks,GeogBks,ItalCook,,,,,
Florence,,,,,,,,,,
ChildBks,CookBks,RefBks,ArtBks,GeogBks,ItalCook,ItalAtlas,ItalArt,,,
CookBks,,,,,,,,,,
ChildBks,YouthBks,GeogBks,,,,,,,,
,,,,,,,,,,
CookBks,DoItYBks,ArtBks,ItalArt,,,,,,,
CookBks,DoItYBks,GeogBks,ItalCook,,,,,,,
,,,,,,,,,,
ChildBks,YouthBks,CookBks,RefBks,ArtBks,GeogBks,ItalCook,,,,
CookBks,ItalCook,,,,,,,,,
DoItYBks,,,,,,,,,,
CookBks,,,,,,,,,,
,,,,,,,,,,
ChildBks,CookBks,DoItYBks,RefBks,GeogBks,,,,,,
DoItYBks,,,,,,,,,,
ChildBks,CookBks,DoItYBks,ArtBks,,,,,,,
ChildBks,YouthBks,DoItYBks,RefBks,ArtBks,,,,,,
ArtBks,,,,,,,,,,
,,,,,,,,,,
ChildBks,CookBks,,,,,,,,,
ChildBks,,,,,,,,,,
ChildBks,YouthBks,CookBks,DoItYBks,RefBks,ArtBks,GeogBks,ItalCook,,,
,,,,,,,,,,
ChildBks,CookBks,DoItYBks,ArtBks,,,,,,,
,,,,,,,,,,
ChildBks,CookBks,DoItYBks,RefBks,ArtBks,GeogBks,ItalCook,ItalAtlas,ItalArt,,
,,,,,,,,,,
ChildBks,CookBks,ArtBks,GeogBks,,,,,,,
ChildBks,CookBks,DoItYBks,ArtBks,,,,,,,
ChildBks,CookBks,DoItYBks,ArtBks,GeogBks,,,,,,
,,,,,,,,,,
YouthBks,CookBks,DoItYBks,GeogBks,,,,,,,
,,,,,,,,,,
,,,,,,,,,,
ChildBks,CookBks,RefBks,ArtBks,Florence,,,,,,
ChildBks,,,,,,,,,,
ChildBks,CookBks,ArtBks,GeogBks,ItalCook,ItalArt,Florence,,,,
ChildBks,,,,,,,,,,
,,,,,,,,,,
,,,,,,,,,,
CookBks,,,,,,,,,,
ChildBks,YouthBks,ArtBks,GeogBks,,,,,,,
,,,,,,,,,,
ChildBks,CookBks,ArtBks,GeogBks,ItalCook,ItalArt,Florence,,,,
CookBks,DoItYBks,,,,,,,,,
ChildBks,,,,,,,,,,
ChildBks,CookBks,DoItYBks,GeogBks,ItalCook,,,,,,
ChildBks,,,,,,,,,,
,,,,,,,,,,
DoItYBks,,,,,,,,,,
CookBks,,,,,,,,,,
ChildBks,GeogBks,,,,,,,,,
CookBks,,,,,,,,,,
CookBks,RefBks,GeogBks,,,,,,,,
YouthBks,,,,,,,,,,
Florence,,,,,,,,,,
ChildBks,YouthBks,CookBks,DoItYBks,RefBks,,,,,,
ChildBks,YouthBks,CookBks,GeogBks,,,,,,,
ChildBks,GeogBks,,,,,,,,,
,,,,,,,,,,
RefBks,GeogBks,,,,,,,,,
,,,,,,,,,,
ChildBks,,,,,,,,,,
DoItYBks,,,,,,,,,,
DoItYBks,,,,,,,,,,
ArtBks,,,,,,,,,,
ChildBks,CookBks,DoItYBks,GeogBks,,,,,,,
ChildBks,YouthBks,CookBks,DoItYBks,RefBks,GeogBks,,,,,
ChildBks,YouthBks,,,,,,,,,
ChildBks,YouthBks,,,,,,,,,
ChildBks,CookBks,GeogBks,ItalCook,,,,,,,
ChildBks,YouthBks,CookBks,DoItYBks,GeogBks,,,,,,
ChildBks,CookBks,DoItYBks,GeogBks,,,,,,,
ChildBks,YouthBks,CookBks,DoItYBks,RefBks,GeogBks,ItalCook,,,,
ChildBks,,,,,,,,,,
GeogBks,,,,,,,,,,
CookBks,Florence,,,,,,,,,
YouthBks,DoItYBks,,,,,,,,,
CookBks,DoItYBks,,,,,,,,,
ChildBks,YouthBks,CookBks,DoItYBks,RefBks,ArtBks,GeogBks,ItalCook,ItalAtlas,ItalArt,
CookBks,,,,,,,,,,
YouthBks,,,,,,,,,,
,,,,,,,,,,
ChildBks,DoItYBks,ArtBks,GeogBks,Florence,,,,,,
CookBks,DoItYBks,RefBks,,,,,,,,
,,,,,,,,,,
,,,,,,,,,,
YouthBks,GeogBks,,,,,,,,,
ChildBks,CookBks,,,,,,,,,
ChildBks,YouthBks,DoItYBks,,,,,,,,
,,,,,,,,,,
RefBks,,,,,,,,,,
GeogBks,Florence,,,,,,,,,
CookBks,DoItYBks,ArtBks,GeogBks,ItalCook,ItalArt,,,,,
,,,,,,,,,,
ChildBks,,,,,,,,,,
YouthBks,RefBks,ArtBks,ItalAtlas,,,,,,,
,,,,,,,,,,
ChildBks,YouthBks,CookBks,DoItYBks,ArtBks,ItalCook,ItalArt,Florence,,,
ChildBks,YouthBks,ArtBks,GeogBks,,,,,,,
ChildBks,CookBks,DoItYBks,RefBks,GeogBks,,,,,,
RefBks,ArtBks,,,,,,,,,
,,,,,,,,,,
ArtBks,,,,,,,,,,
YouthBks,CookBks,RefBks,Florence,,,,,,,
CookBks,,,,,,,,,,
YouthBks,,,,,,,,,,
CookBks,,,,,,,,,,
,,,,,,,,,,
,,,,,,,,,,
RefBks,GeogBks,,,,,,,,,
CookBks,DoItYBks,ArtBks,ItalCook,ItalArt,,,,,,
Florence,,,,,,,,,,
ChildBks,DoItYBks,,,,,,,,,
ChildBks,,,,,,,,,,
ChildBks,Florence,,,,,,,,,
ChildBks,DoItYBks,GeogBks,,,,,,,,
CookBks,,,,,,,,,,
GeogBks,,,,,,,,,,
ChildBks,YouthBks,CookBks,DoItYBks,ArtBks,GeogBks,,,,,
CookBks,,,,,,,,,,
RefBks,,,,,,,,,,
CookBks,,,,,,,,,,
DoItYBks,,,,,,,,,,
,,,,,,,,,,
ChildBks,,,,,,,,,,
,,,,,,,,,,
ChildBks,ArtBks,GeogBks,,,,,,,,
,,,,,,,,,,
ChildBks,CookBks,,,,,,,,,
ChildBks,CookBks,ItalCook,,,,,,,,
ChildBks,YouthBks,CookBks,RefBks,GeogBks,,,,,,
ChildBks,CookBks,DoItYBks,ArtBks,GeogBks,,,,,,
ChildBks,YouthBks,CookBks,DoItYBks,RefBks,,,,,,
CookBks,,,,,,,,,,
ArtBks,GeogBks,,,,,,,,,
Florence,,,,,,,,,,
,,,,,,,,,,
,,,,,,,,,,
Florence,,,,,,,,,,
CookBks,DoItYBks,RefBks,ArtBks,,,,,,,
,,,,,,,,,,
ChildBks,,,,,,,,,,
DoItYBks,,,,,,,,,,
YouthBks,ArtBks,,,,,,,,,
ChildBks,CookBks,RefBks,ArtBks,GeogBks,,,,,,
Florence,,,,,,,,,,
ChildBks,YouthBks,CookBks,DoItYBks,RefBks,,,,,,
ChildBks,CookBks,,,,,,,,,
CookBks,ArtBks,,,,,,,,,
ChildBks,,,,,,,,,,
,,,,,,,,,,
ChildBks,YouthBks,,,,,,,,,
,,,,,,,,,,
ChildBks,YouthBks,CookBks,DoItYBks,RefBks,,,,,,
,,,,,,,,,,
DoItYBks,Florence,,,,,,,,,
DoItYBks,,,,,,,,,,
ChildBks,YouthBks,CookBks,DoItYBks,RefBks,ArtBks,ItalCook,ItalAtlas,ItalArt,,
ChildBks,YouthBks,CookBks,DoItYBks,ArtBks,Florence,,,,,
YouthBks,ArtBks,,,,,,,,,
,,,,,,,,,,
,,,,,,,,,,
ChildBks,,,,,,,,,,
CookBks,GeogBks,,,,,,,,,
ChildBks,,,,,,,,,,
ChildBks,YouthBks,CookBks,ArtBks,,,,,,,
,,,,,,,,,,
Florence,,,,,,,,,,
GeogBks,,,,,,,,,,
ChildBks,CookBks,DoItYBks,,,,,,,,
ChildBks,CookBks,DoItYBks,,,,,,,,
CookBks,,,,,,,,,,
ChildBks,YouthBks,CookBks,DoItYBks,RefBks,GeogBks,,,,,
ChildBks,CookBks,RefBks,ArtBks,GeogBks,,,,,,
,,,,,,,,,,
YouthBks,CookBks,ItalCook,,,,,,,,
DoItYBks,GeogBks,,,,,,,,,
ChildBks,DoItYBks,GeogBks,,,,,,,,
ChildBks,YouthBks,DoItYBks,RefBks,GeogBks,ItalAtlas,,,,,
ChildBks,YouthBks,CookBks,RefBks,ArtBks,GeogBks,Florence,,,,
ChildBks,CookBks,DoItYBks,,,,,,,,
ChildBks,GeogBks,,,,,,,,,
,,,,,,,,,,
CookBks,,,,,,,,,,
DoItYBks,,,,,,,,,,
,,,,,,,,,,
CookBks,GeogBks,,,,,,,,,
ChildBks,YouthBks,DoItYBks,RefBks,ArtBks,,,,,,
ChildBks,CookBks,GeogBks,,,,,,,,
ArtBks,,,,,,,,,,
,,,,,,,,,,
,,,,,,,,,,
ChildBks,YouthBks,CookBks,DoItYBks,RefBks,,,,,,
ChildBks,GeogBks,,,,,,,,,
,,,,,,,,,,
CookBks,,,,,,,,,,
ChildBks,CookBks,RefBks,GeogBks,,,,,,,
ChildBks,DoItYBks,RefBks,GeogBks,,,,,,,
ChildBks,GeogBks,,,,,,,,,
DoItYBks,,,,,,,,,,
ChildBks,YouthBks,CookBks,DoItYBks,ArtBks,GeogBks,,,,,
CookBks,,,,,,,,,,
DoItYBks,,,,,,,,,,
YouthBks,DoItYBks,GeogBks,,,,,,,,
ChildBks,,,,,,,,,,
ChildBks,,,,,,,,,,
,,,,,,,,,,
YouthBks,,,,,,,,,,
CookBks,,,,,,,,,,
ChildBks,CookBks,ArtBks,,,,,,,,
,,,,,,,,,,
DoItYBks,ArtBks,,,,,,,,,
,,,,,,,,,,
ChildBks,,,,,,,,,,
ChildBks,YouthBks,CookBks,GeogBks,,,,,,,
ChildBks,,,,,,,,,,
ChildBks,,,,,,,,,,
ChildBks,RefBks,ArtBks,GeogBks,Florence,,,,,,
ChildBks,CookBks,RefBks,ItalCook,Florence,,,,,,
ChildBks,,,,,,,,,,
,,,,,,,,,,
ChildBks,Florence,,,,,,,,,
ChildBks,,,,,,,,,,
,,,,,,,,,,
ChildBks,CookBks,DoItYBks,ArtBks,,,,,,,
,,,,,,,,,,
DoItYBks,,,,,,,,,,
ChildBks,,,,,,,,,,
CookBks,DoItYBks,,,,,,,,,
CookBks,,,,,,,,,,
,,,,,,,,,,
,,,,,,,,,,
,,,,,,,,,,
CookBks,DoItYBks,,,,,,,,,
ChildBks,,,,,,,,,,
,,,,,,,,,,
ChildBks,,,,,,,,,,
CookBks,ArtBks,,,,,,,,,
ChildBks,DoItYBks,GeogBks,Florence,,,,,,,
,,,,,,,,,,
ChildBks,,,,,,,,,,
ChildBks,,,,,,,,,,
ChildBks,YouthBks,CookBks,RefBks,ArtBks,,,,,,
ChildBks,YouthBks,CookBks,DoItYBks,RefBks,,,,,,
ChildBks,YouthBks,CookBks,DoItYBks,,,,,,,
YouthBks,GeogBks,,,,,,,,,
CookBks,ArtBks,,,,,,,,,
,,,,,,,,,,
GeogBks,,,,,,,,,,
,,,,,,,,,,
Florence,,,,,,,,,,
ChildBks,,,,,,,,,,
,,,,,,,,,,
,,,,,,,,,,
,,,,,,,,,,
,,,,,,,,,,
ChildBks,CookBks,DoItYBks,ArtBks,GeogBks,ItalCook,,,,,
RefBks,,,,,,,,,,
,,,,,,,,,,
DoItYBks,,,,,,,,,,
YouthBks,DoItYBks,,,,,,,,,
CookBks,ArtBks,,,,,,,,,
,,,,,,,,,,
ChildBks,YouthBks,GeogBks,,,,,,,,
ChildBks,DoItYBks,,,,,,,,,
ChildBks,YouthBks,DoItYBks,RefBks,GeogBks,,,,,,
ChildBks,RefBks,ArtBks,GeogBks,ItalAtlas,ItalArt,Florence,,,,
ChildBks,YouthBks,ArtBks,GeogBks,ItalArt,,,,,,
ChildBks,DoItYBks,,,,,,,,,
ChildBks,YouthBks,CookBks,DoItYBks,ArtBks,ItalCook,ItalArt,,,,
ChildBks,,,,,,,,,,
ChildBks,CookBks,,,,,,,,,
DoItYBks,,,,,,,,,,
ChildBks,CookBks,DoItYBks,ArtBks,GeogBks,ItalCook,ItalArt,,,,
ChildBks,CookBks,RefBks,ArtBks,GeogBks,,,,,,
CookBks,,,,,,,,,,
ChildBks,DoItYBks,RefBks,ArtBks,GeogBks,,,,,,
,,,,,,,,,,
,,,,,,,,,,
ChildBks,YouthBks,CookBks,DoItYBks,RefBks,GeogBks,ItalCook,,,,
CookBks,,,,,,,,,,
YouthBks,CookBks,DoItYBks,RefBks,ArtBks,ItalCook,ItalAtlas,ItalArt,,,
ChildBks,YouthBks,CookBks,RefBks,ArtBks,GeogBks,ItalCook,,,,
,,,,,,,,,,
CookBks,ArtBks,,,,,,,,,
,,,,,,,,,,
CookBks,DoItYBks,RefBks,ArtBks,GeogBks,,,,,,
ChildBks,,,,,,,,,,
GeogBks,,,,,,,,,,
,,,,,,,,,,
ChildBks,,,,,,,,,,
DoItYBks,,,,,,,,,,
ChildBks,RefBks,,,,,,,,,
,,,,,,,,,,
,,,,,,,,,,
RefBks,,,,,,,,,,
GeogBks,,,,,,,,,,
ChildBks,,,,,,,,,,
ChildBks,DoItYBks,,,,,,,,,
ChildBks,YouthBks,CookBks,DoItYBks,GeogBks,ItalCook,,,,,
YouthBks,DoItYBks,,,,,,,,,
,,,,,,,,,,
ArtBks,GeogBks,,,,,,,,,
YouthBks,ArtBks,Florence,,,,,,,,
Florence,,,,,,,,,,
,,,,,,,,,,
DoItYBks,ArtBks,GeogBks,Florence,,,,,,,
ChildBks,YouthBks,CookBks,RefBks,ArtBks,,,,,,
CookBks,,,,,,,,,,
RefBks,,,,,,,,,,
RefBks,Florence,,,,,,,,,
ChildBks,CookBks,DoItYBks,RefBks,ArtBks,,,,,,
CookBks,ItalCook,,,,,,,,,
ChildBks,,,,,,,,,,
ChildBks,CookBks,DoItYBks,RefBks,ArtBks,GeogBks,,,,,
RefBks,,,,,,,,,,
ChildBks,YouthBks,CookBks,DoItYBks,,,,,,,
DoItYBks,,,,,,,,,,
,,,,,,,,,,
ChildBks,YouthBks,CookBks,DoItYBks,RefBks,ArtBks,GeogBks,Florence,,,
ArtBks,Florence,,,,,,,,,
ChildBks,CookBks,DoItYBks,RefBks,GeogBks,,,,,,
ChildBks,YouthBks,CookBks,ArtBks,GeogBks,ItalCook,ItalArt,,,,
DoItYBks,ArtBks,,,,,,,,,
ChildBks,,,,,,,,,,
ChildBks,CookBks,DoItYBks,ArtBks,ItalCook,ItalArt,,,,,
Florence,,,,,,,,,,
YouthBks,,,,,,,,,,
CookBks,,,,,,,,,,
ChildBks,GeogBks,,,,,,,,,
RefBks,Florence,,,,,,,,,
,,,,,,,,,,
ChildBks,CookBks,DoItYBks,ArtBks,GeogBks,,,,,,
YouthBks,DoItYBks,,,,,,,,,
ChildBks,YouthBks,CookBks,DoItYBks,GeogBks,,,,,,
ChildBks,,,,,,,,,,
ChildBks,ArtBks,,,,,,,,,
,,,,,,,,,,
ChildBks,YouthBks,CookBks,DoItYBks,ArtBks,ItalCook,ItalArt,,,,
,,,,,,,,,,
ChildBks,ArtBks,Florence,,,,,,,,
RefBks,,,,,,,,,,
,,,,,,,,,,
,,,,,,,,,,
CookBks,GeogBks,Florence,,,,,,,,
ChildBks,YouthBks,CookBks,RefBks,GeogBks,ItalCook,ItalAtlas,,,,
ChildBks,YouthBks,,,,,,,,,
,,,,,,,,,,
CookBks,RefBks,,,,,,,,,
,,,,,,,,,,
ChildBks,YouthBks,CookBks,DoItYBks,ArtBks,GeogBks,,,,,
ChildBks,DoItYBks,,,,,,,,,
ChildBks,CookBks,DoItYBks,RefBks,GeogBks,,,,,,
CookBks,,,,,,,,,,
RefBks,ItalAtlas,Florence,,,,,,,,
ChildBks,ArtBks,,,,,,,,,
YouthBks,,,,,,,,,,
,,,,,,,,,,
YouthBks,CookBks,,,,,,,,,
,,,,,,,,,,
,,,,,,,,,,
ChildBks,CookBks,RefBks,ArtBks,GeogBks,ItalCook,ItalAtlas,ItalArt,Florence,,
,,,,,,,,,,
,,,,,,,,,,
RefBks,,,,,,,,,,
CookBks,,,,,,,,,,
ChildBks,DoItYBks,RefBks,ArtBks,,,,,,,
CookBks,,,,,,,,,,
,,,,,,,,,,
ChildBks,CookBks,,,,,,,,,
,,,,,,,,,,
Florence,,,,,,,,,,
,,,,,,,,,,
ChildBks,YouthBks,DoItYBks,ArtBks,GeogBks,,,,,,
GeogBks,,,,,,,,,,
,,,,,,,,,,
ChildBks,CookBks,DoItYBks,ArtBks,,,,,,,
ChildBks,CookBks,DoItYBks,RefBks,,,,,,,
CookBks,RefBks,,,,,,,,,
ChildBks,GeogBks,,,,,,,,,
DoItYBks,,,,,,,,,,
,,,,,,,,,,
RefBks,,,,,,,,,,
ChildBks,YouthBks,CookBks,DoItYBks,RefBks,,,,,,
ChildBks,,,,,,,,,,
ChildBks,,,,,,,,,,
YouthBks,RefBks,ItalAtlas,,,,,,,,
Florence,,,,,,,,,,
CookBks,DoItYBks,,,,,,,,,
ArtBks,,,,,,,,,,
ChildBks,CookBks,DoItYBks,ArtBks,ItalCook,,,,,,
Florence,,,,,,,,,,
ChildBks,YouthBks,CookBks,DoItYBks,ArtBks,ItalCook,,,,,
ChildBks,,,,,,,,,,
RefBks,,,,,,,,,,
,,,,,,,,,,
,,,,,,,,,,
YouthBks,DoItYBks,,,,,,,,,
ChildBks,,,,,,,,,,
ChildBks,ArtBks,,,,,,,,,
ChildBks,CookBks,DoItYBks,RefBks,,,,,,,
Florence,,,,,,,,,,
YouthBks,CookBks,RefBks,ItalCook,,,,,,,
YouthBks,GeogBks,,,,,,,,,
,,,,,,,,,,
,,,,,,,,,,
ChildBks,ArtBks,,,,,,,,,
,,,,,,,,,,
DoItYBks,,,,,,,,,,
ChildBks,ArtBks,,,,,,,,,
YouthBks,CookBks,DoItYBks,ArtBks,GeogBks,ItalCook,ItalArt,,,,
,,,,,,,,,,
ChildBks,ArtBks,,,,,,,,,
ChildBks,YouthBks,CookBks,ArtBks,GeogBks,ItalCook,Florence,,,,
ChildBks,YouthBks,CookBks,GeogBks,ItalCook,,,,,,
ChildBks,YouthBks,CookBks,RefBks,ArtBks,GeogBks,ItalCook,ItalAtlas,ItalArt,,
ChildBks,,,,,,,,,,
ArtBks,,,,,,,,,,
DoItYBks,,,,,,,,,,
Florence,,,,,,,,,,
CookBks,DoItYBks,,,,,,,,,
YouthBks,,,,,,,,,,
CookBks,ArtBks,ItalArt,,,,,,,,
,,,,,,,,,,
ChildBks,,,,,,,,,,
,,,,,,,,,,
,,,,,,,,,,
,,,,,,,,,,
ChildBks,CookBks,DoItYBks,RefBks,GeogBks,,,,,,
ChildBks,,,,,,,,,,
CookBks,RefBks,,,,,,,,,
ChildBks,YouthBks,CookBks,DoItYBks,ArtBks,GeogBks,ItalCook,ItalArt,,,
CookBks,,,,,,,,,,
,,,,,,,,,,
ChildBks,YouthBks,RefBks,ArtBks,GeogBks,,,,,,
ChildBks,CookBks,RefBks,GeogBks,,,,,,,
ChildBks,YouthBks,CookBks,DoItYBks,GeogBks,ItalCook,,,,,
Florence,,,,,,,,,,
ChildBks,CookBks,DoItYBks,RefBks,ArtBks,GeogBks,,,,,
Florence,,,,,,,,,,
,,,,,,,,,,
Florence,,,,,,,,,,
ArtBks,GeogBks,,,,,,,,,
ChildBks,,,,,,,,,,
ChildBks,CookBks,ArtBks,GeogBks,ItalCook,,,,,,
CookBks,,,,,,,,,,
,,,,,,,,,,
CookBks,ArtBks,GeogBks,,,,,,,,
CookBks,,,,,,,,,,
ChildBks,YouthBks,CookBks,DoItYBks,RefBks,GeogBks,,,,,
YouthBks,CookBks,ArtBks,ItalCook,ItalArt,,,,,,
GeogBks,,,,,,,,,,
CookBks,,,,,,,,,,
,,,,,,,,,,
ChildBks,YouthBks,CookBks,GeogBks,,,,,,,
,,,,,,,,,,
RefBks,GeogBks,,,,,,,,,
YouthBks,CookBks,DoItYBks,RefBks,ArtBks,,,,,,
,,,,,,,,,,
,,,,,,,,,,
CookBks,,,,,,,,,,
DoItYBks,RefBks,ArtBks,Florence,,,,,,,
ChildBks,,,,,,,,,,
ChildBks,YouthBks,RefBks,,,,,,,,
ChildBks,YouthBks,CookBks,ArtBks,GeogBks,ItalCook,,,,,
ChildBks,YouthBks,CookBks,DoItYBks,RefBks,,,,,,
Florence,,,,,,,,,,
,,,,,,,,,,
DoItYBks,GeogBks,,,,,,,,,
ChildBks,YouthBks,CookBks,DoItYBks,ArtBks,GeogBks,,,,,
CookBks,,,,,,,,,,
,,,,,,,,,,
ChildBks,CookBks,ArtBks,Florence,,,,,,,
,,,,,,,,,,
ChildBks,,,,,,,,,,
ChildBks,YouthBks,CookBks,DoItYBks,GeogBks,,,,,,
,,,,,,,,,,
ChildBks,,,,,,,,,,
DoItYBks,,,,,,,,,,
ChildBks,,,,,,,,,,
YouthBks,DoItYBks,GeogBks,,,,,,,,
YouthBks,,,,,,,,,,
ChildBks,YouthBks,CookBks,DoItYBks,RefBks,ArtBks,ItalCook,,,,
ChildBks,YouthBks,CookBks,DoItYBks,ArtBks,,,,,,
,,,,,,,,,,
ChildBks,CookBks,RefBks,GeogBks,,,,,,,
,,,,,,,,,,
ChildBks,CookBks,,,,,,,,,
,,,,,,,,,,
Florence,,,,,,,,,,
,,,,,,,,,,
ChildBks,,,,,,,,,,
ChildBks,GeogBks,,,,,,,,,
ChildBks,CookBks,DoItYBks,RefBks,GeogBks,,,,,,
Florence,,,,,,,,,,
CookBks,,,,,,,,,,
ChildBks,YouthBks,CookBks,DoItYBks,ArtBks,GeogBks,,,,,
RefBks,,,,,,,,,,
ChildBks,YouthBks,CookBks,RefBks,GeogBks,ItalCook,ItalAtlas,,,,
YouthBks,CookBks,ItalCook,,,,,,,,
ChildBks,,,,,,,,,,
,,,,,,,,,,
ChildBks,CookBks,DoItYBks,RefBks,ArtBks,GeogBks,Florence,,,,
ChildBks,YouthBks,CookBks,DoItYBks,RefBks,ArtBks,GeogBks,,,,
YouthBks,,,,,,,,,,
ChildBks,ArtBks,GeogBks,Florence,,,,,,,
,,,,,,,,,,
CookBks,DoItYBks,ArtBks,GeogBks,Florence,,,,,,
DoItYBks,,,,,,,,,,
,,,,,,,,,,
Florence,,,,,,,,,,
,,,,,,,,,,
ChildBks,YouthBks,CookBks,ArtBks,GeogBks,,,,,,
DoItYBks,GeogBks,,,,,,,,,
ChildBks,CookBks,DoItYBks,RefBks,GeogBks,,,,,,
YouthBks,,,,,,,,,,
CookBks,RefBks,,,,,,,,,
,,,,,,,,,,
ChildBks,YouthBks,CookBks,DoItYBks,RefBks,GeogBks,,,,,
CookBks,,,,,,,,,,
,,,,,,,,,,
YouthBks,,,,,,,,,,
,,,,,,,,,,
ChildBks,DoItYBks,,,,,,,,,
,,,,,,,,,,
ChildBks,RefBks,ArtBks,Florence,,,,,,,
,,,,,,,,,,
ChildBks,CookBks,,,,,,,,,
,,,,,,,,,,
ChildBks,YouthBks,,,,,,,,,
ChildBks,YouthBks,DoItYBks,RefBks,ArtBks,,,,,,
Florence,,,,,,,,,,
DoItYBks,,,,,,,,,,
ChildBks,,,,,,,,,,
ChildBks,YouthBks,CookBks,DoItYBks,,,,,,,
Florence,,,,,,,,,,
ChildBks,CookBks,DoItYBks,RefBks,ArtBks,ItalAtlas,,,,,
ChildBks,,,,,,,,,,
ChildBks,YouthBks,CookBks,DoItYBks,ArtBks,GeogBks,ItalCook,,,,
ChildBks,CookBks,RefBks,,,,,,,,
ChildBks,CookBks,DoItYBks,RefBks,GeogBks,ItalCook,,,,,
,,,,,,,,,,
ChildBks,YouthBks,DoItYBks,RefBks,ArtBks,,,,,,
ChildBks,YouthBks,CookBks,RefBks,ArtBks,,,,,,
YouthBks,,,,,,,,,,
DoItYBks,RefBks,ArtBks,GeogBks,Florence,,,,,,
ChildBks,YouthBks,CookBks,RefBks,ArtBks,GeogBks,ItalCook,ItalArt,,,
CookBks,DoItYBks,GeogBks,,,,,,,,
CookBks,DoItYBks,,,,,,,,,
DoItYBks,,,,,,,,,,
ChildBks,YouthBks,RefBks,ArtBks,GeogBks,,,,,,
,,,,,,,,,,
CookBks,DoItYBks,RefBks,GeogBks,,,,,,,
RefBks,,,,,,,,,,
ChildBks,GeogBks,,,,,,,,,
ChildBks,YouthBks,RefBks,ArtBks,GeogBks,,,,,,
ChildBks,CookBks,,,,,,,,,
ChildBks,CookBks,RefBks,GeogBks,ItalCook,,,,,,
,,,,,,,,,,
ChildBks,RefBks,ArtBks,GeogBks,ItalAtlas,ItalArt,,,,,
YouthBks,GeogBks,,,,,,,,,
ChildBks,CookBks,DoItYBks,RefBks,ArtBks,ItalCook,ItalAtlas,ItalArt,,,
DoItYBks,,,,,,,,,,
CookBks,ItalCook,,,,,,,,,
ArtBks,Florence,,,,,,,,,
,,,,,,,,,,
DoItYBks,ArtBks,,,,,,,,,
,,,,,,,,,,
CookBks,,,,,,,,,,
ChildBks,YouthBks,DoItYBks,RefBks,ArtBks,GeogBks,,,,,
,,,,,,,,,,
ChildBks,YouthBks,CookBks,DoItYBks,RefBks,GeogBks,,,,,
CookBks,Florence,,,,,,,,,
ChildBks,,,,,,,,,,
YouthBks,,,,,,,,,,
ChildBks,YouthBks,CookBks,RefBks,GeogBks,ItalCook,ItalAtlas,,,,
GeogBks,,,,,,,,,,
DoItYBks,,,,,,,,,,
CookBks,Florence,,,,,,,,,
,,,,,,,,,,
DoItYBks,GeogBks,,,,,,,,,
ChildBks,GeogBks,,,,,,,,,
ChildBks,YouthBks,,,,,,,,,
ChildBks,DoItYBks,RefBks,GeogBks,ItalAtlas,,,,,,
ChildBks,YouthBks,CookBks,DoItYBks,RefBks,GeogBks,Florence,,,,
CookBks,,,,,,,,,,
,,,,,,,,,,
YouthBks,CookBks,DoItYBks,GeogBks,ItalCook,,,,,,
GeogBks,,,,,,,,,,
CookBks,ArtBks,,,,,,,,,
ChildBks,,,,,,,,,,
ChildBks,YouthBks,CookBks,DoItYBks,RefBks,GeogBks,ItalCook,,,,
,,,,,,,,,,
ChildBks,YouthBks,,,,,,,,,
,,,,,,,,,,
CookBks,,,,,,,,,,
,,,,,,,,,,
ChildBks,YouthBks,CookBks,DoItYBks,RefBks,ArtBks,GeogBks,,,,
ChildBks,,,,,,,,,,
,,,,,,,,,,
YouthBks,CookBks,,,,,,,,,
ChildBks,YouthBks,CookBks,RefBks,GeogBks,,,,,,
DoItYBks,,,,,,,,,,
,,,,,,,,,,
Florence,,,,,,,,,,
CookBks,,,,,,,,,,
ChildBks,YouthBks,RefBks,ArtBks,GeogBks,Florence,,,,,
GeogBks,,,,,,,,,,
Florence,,,,,,,,,,
CookBks,DoItYBks,ArtBks,ItalCook,,,,,,,
YouthBks,CookBks,ItalCook,,,,,,,,
ChildBks,CookBks,DoItYBks,ArtBks,GeogBks,,,,,,
,,,,,,,,,,
CookBks,DoItYBks,GeogBks,,,,,,,,
ChildBks,YouthBks,CookBks,DoItYBks,RefBks,GeogBks,,,,,
ChildBks,YouthBks,CookBks,DoItYBks,RefBks,GeogBks,ItalCook,,,,
YouthBks,,,,,,,,,,
ChildBks,YouthBks,CookBks,GeogBks,,,,,,,
,,,,,,,,,,
,,,,,,,,,,
CookBks,,,,,,,,,,
,,,,,,,,,,
YouthBks,,,,,,,,,,
YouthBks,CookBks,DoItYBks,RefBks,ArtBks,GeogBks,Florence,,,,
,,,,,,,,,,
CookBks,RefBks,ItalAtlas,,,,,,,,
ChildBks,,,,,,,,,,
ChildBks,YouthBks,CookBks,DoItYBks,ArtBks,ItalCook,ItalArt,,,,
ArtBks,,,,,,,,,,
,,,,,,,,,,
,,,,,,,,,,
ChildBks,YouthBks,CookBks,DoItYBks,GeogBks,,,,,,
YouthBks,CookBks,DoItYBks,ArtBks,GeogBks,ItalCook,ItalArt,Florence,,,
,,,,,,,,,,
CookBks,DoItYBks,GeogBks,,,,,,,,
ChildBks,CookBks,DoItYBks,GeogBks,,,,,,,
ChildBks,RefBks,,,,,,,,,
ChildBks,YouthBks,RefBks,ArtBks,GeogBks,ItalAtlas,ItalArt,,,,
CookBks,DoItYBks,RefBks,ItalCook,,,,,,,
CookBks,,,,,,,,,,
DoItYBks,GeogBks,,,,,,,,,
YouthBks,CookBks,DoItYBks,ArtBks,GeogBks,ItalCook,ItalArt,Florence,,,
ChildBks,CookBks,,,,,,,,,
YouthBks,CookBks,ArtBks,GeogBks,,,,,,,
ChildBks,YouthBks,CookBks,DoItYBks,RefBks,ItalCook,,,,,
ChildBks,CookBks,DoItYBks,RefBks,ArtBks,GeogBks,,,,,
ChildBks,,,,,,,,,,
ChildBks,CookBks,,,,,,,,,
ChildBks,CookBks,DoItYBks,ArtBks,GeogBks,,,,,,
,,,,,,,,,,
ChildBks,DoItYBks,RefBks,ArtBks,GeogBks,Florence,,,,,
,,,,,,,,,,
ChildBks,YouthBks,CookBks,RefBks,GeogBks,ItalCook,ItalAtlas,,,,
,,,,,,,,,,
CookBks,,,,,,,,,,
ChildBks,CookBks,DoItYBks,ArtBks,GeogBks,ItalCook,ItalArt,,,,
DoItYBks,ArtBks,Florence,,,,,,,,
ChildBks,DoItYBks,,,,,,,,,
CookBks,,,,,,,,,,
ChildBks,CookBks,RefBks,ArtBks,GeogBks,ItalCook,ItalAtlas,ItalArt,,,
ChildBks,YouthBks,CookBks,RefBks,ArtBks,ItalCook,,,,,
YouthBks,DoItYBks,RefBks,GeogBks,,,,,,,
YouthBks,DoItYBks,ArtBks,,,,,,,,
,,,,,,,,,,
ChildBks,YouthBks,CookBks,GeogBks,,,,,,,
YouthBks,,,,,,,,,,
ChildBks,YouthBks,CookBks,RefBks,GeogBks,ItalCook,,,,,
ChildBks,CookBks,DoItYBks,RefBks,ArtBks,GeogBks,ItalCook,ItalAtlas,ItalArt,,
Florence,,,,,,,,,,
CookBks,ItalCook,,,,,,,,,
ChildBks,YouthBks,CookBks,RefBks,GeogBks,,,,,,
CookBks,ArtBks,,,,,,,,,
YouthBks,,,,,,,,,,
ChildBks,DoItYBks,ArtBks,,,,,,,,
YouthBks,,,,,,,,,,
,,,,,,,,,,
DoItYBks,ArtBks,,,,,,,,,
,,,,,,,,,,
DoItYBks,,,,,,,,,,
CookBks,,,,,,,,,,
ChildBks,GeogBks,,,,,,,,,
ChildBks,YouthBks,CookBks,DoItYBks,,,,,,,
ChildBks,CookBks,RefBks,GeogBks,Florence,,,,,,
ChildBks,YouthBks,CookBks,DoItYBks,ArtBks,GeogBks,ItalCook,,,,
ChildBks,GeogBks,,,,,,,,,
,,,,,,,,,,
CookBks,RefBks,ArtBks,GeogBks,,,,,,,
ChildBks,CookBks,DoItYBks,GeogBks,,,,,,,
ChildBks,YouthBks,CookBks,RefBks,ArtBks,GeogBks,ItalCook,ItalAtlas,ItalArt,,
,,,,,,,,,,
CookBks,ArtBks,ItalCook,ItalArt,,,,,,,
DoItYBks,ArtBks,,,,,,,,,
ChildBks,YouthBks,CookBks,ArtBks,GeogBks,ItalCook,ItalArt,,,,
YouthBks,,,,,,,,,,
CookBks,GeogBks,,,,,,,,,
,,,,,,,,,,
,,,,,,,,,,
GeogBks,,,,,,,,,,
,,,,,,,,,,
ChildBks,CookBks,DoItYBks,GeogBks,,,,,,,
,,,,,,,,,,
ChildBks,DoItYBks,RefBks,GeogBks,ItalAtlas,,,,,,
CookBks,DoItYBks,GeogBks,,,,,,,,
ChildBks,YouthBks,CookBks,DoItYBks,RefBks,ArtBks,,,,,
CookBks,DoItYBks,,,,,,,,,
,,,,,,,,,,
ChildBks,YouthBks,,,,,,,,,
ChildBks,GeogBks,,,,,,,,,
CookBks,GeogBks,ItalCook,Florence,,,,,,,
ChildBks,CookBks,RefBks,ArtBks,GeogBks,Florence,,,,,
,,,,,,,,,,
ArtBks,,,,,,,,,,
,,,,,,,,,,
Florence,,,,,,,,,,
ChildBks,CookBks,DoItYBks,ArtBks,GeogBks,ItalCook,ItalArt,,,,
ChildBks,RefBks,ArtBks,GeogBks,,,,,,,
YouthBks,GeogBks,Florence,,,,,,,,
YouthBks,Florence,,,,,,,,,
ChildBks,YouthBks,CookBks,DoItYBks,ArtBks,GeogBks,ItalCook,ItalArt,,,
ArtBks,,,,,,,,,,
ChildBks,DoItYBks,,,,,,,,,
ChildBks,YouthBks,,,,,,,,,
ChildBks,YouthBks,CookBks,DoItYBks,ItalCook,,,,,,
Florence,,,,,,,,,,
,,,,,,,,,,
,,,,,,,,,,
ChildBks,YouthBks,DoItYBks,RefBks,ArtBks,GeogBks,,,,,
ChildBks,CookBks,DoItYBks,ArtBks,GeogBks,ItalCook,,,,,
ChildBks,YouthBks,CookBks,DoItYBks,RefBks,ArtBks,GeogBks,,,,
CookBks,DoItYBks,ArtBks,,,,,,,,
ChildBks,,,,,,,,,,
ChildBks,CookBks,RefBks,GeogBks,,,,,,,
YouthBks,CookBks,DoItYBks,ArtBks,GeogBks,ItalCook,ItalArt,,,,
,,,,,,,,,,
RefBks,,,,,,,,,,
,,,,,,,,,,
CookBks,,,,,,,,,,
,,,,,,,,,,
GeogBks,Florence,,,,,,,,,
CookBks,ArtBks,GeogBks,Florence,,,,,,,
,,,,,,,,,,
ChildBks,YouthBks,CookBks,DoItYBks,ArtBks,GeogBks,ItalArt,,,,
CookBks,,,,,,,,,,
,,,,,,,,,,
,,,,,,,,,,
ChildBks,YouthBks,CookBks,ArtBks,GeogBks,Florence,,,,,
ChildBks,CookBks,GeogBks,,,,,,,,
,,,,,,,,,,
ChildBks,YouthBks,CookBks,DoItYBks,GeogBks,ItalCook,,,,,
ChildBks,YouthBks,CookBks,DoItYBks,ArtBks,GeogBks,Florence,,,,
CookBks,,,,,,,,,,
GeogBks,,,,,,,,,,
,,,,,,,,,,
GeogBks,Florence,,,,,,,,,
ChildBks,DoItYBks,RefBks,ArtBks,,,,,,,
ChildBks,,,,,,,,,,
ChildBks,YouthBks,CookBks,DoItYBks,RefBks,,,,,,
GeogBks,,,,,,,,,,
,,,,,,,,,,
ChildBks,YouthBks,CookBks,DoItYBks,RefBks,ArtBks,,,,,
ChildBks,DoItYBks,,,,,,,,,
ChildBks,CookBks,ArtBks,GeogBks,ItalCook,Florence,,,,,
CookBks,GeogBks,,,,,,,,,
ChildBks,YouthBks,CookBks,DoItYBks,ArtBks,GeogBks,ItalCook,,,,
ChildBks,CookBks,,,,,,,,,
ChildBks,YouthBks,CookBks,DoItYBks,RefBks,ArtBks,GeogBks,ItalCook,ItalAtlas,ItalArt,Florence
CookBks,ArtBks,,,,,,,,,
,,,,,,,,,,
ChildBks,,,,,,,,,,
CookBks,,,,,,,,,,
,,,,,,,,,,
DoItYBks,RefBks,,,,,,,,,
ChildBks,YouthBks,CookBks,ItalCook,,,,,,,
ChildBks,CookBks,,,,,,,,,
DoItYBks,,,,,,,,,,
DoItYBks,,,,,,,,,,
ChildBks,CookBks,RefBks,ArtBks,GeogBks,,,,,,
CookBks,ArtBks,ItalCook,ItalArt,,,,,,,
ChildBks,Florence,,,,,,,,,
ChildBks,CookBks,,,,,,,,,
ChildBks,YouthBks,CookBks,DoItYBks,RefBks,GeogBks,,,,,
ChildBks,DoItYBks,GeogBks,,,,,,,,
,,,,,,,,,,
,,,,,,,,,,
ChildBks,CookBks,DoItYBks,RefBks,ArtBks,GeogBks,,,,,
ChildBks,YouthBks,CookBks,DoItYBks,RefBks,GeogBks,,,,,
RefBks,GeogBks,Florence,,,,,,,,
ChildBks,,,,,,,,,,
ChildBks,YouthBks,CookBks,DoItYBks,ArtBks,GeogBks,ItalCook,ItalArt,Florence,,
ChildBks,CookBks,DoItYBks,RefBks,,,,,,,
ChildBks,CookBks,DoItYBks,RefBks,Florence,,,,,,
ChildBks,CookBks,ArtBks,,,,,,,,
RefBks,,,,,,,,,,
DoItYBks,RefBks,,,,,,,,,
CookBks,,,,,,,,,,
ChildBks,YouthBks,CookBks,ArtBks,GeogBks,ItalCook,ItalArt,Florence,,,
ChildBks,YouthBks,,,,,,,,,
,,,,,,,,,,
ChildBks,CookBks,GeogBks,,,,,,,,
ChildBks,ArtBks,GeogBks,,,,,,,,
ChildBks,YouthBks,CookBks,DoItYBks,ArtBks,,,,,,
ChildBks,CookBks,DoItYBks,RefBks,ArtBks,,,,,,
ChildBks,YouthBks,CookBks,DoItYBks,RefBks,GeogBks,,,,,
DoItYBks,,,,,,,,,,
GeogBks,,,,,,,,,,
,,,,,,,,,,
YouthBks,,,,,,,,,,
ChildBks,YouthBks,DoItYBks,RefBks,,,,,,,
ChildBks,YouthBks,CookBks,DoItYBks,RefBks,ItalCook,,,,,
CookBks,RefBks,,,,,,,,,
ChildBks,YouthBks,CookBks,DoItYBks,,,,,,,
ChildBks,,,,,,,,,,
,,,,,,,,,,
,,,,,,,,,,
RefBks,ArtBks,,,,,,,,,
,,,,,,,,,,
ChildBks,CookBks,,,,,,,,,
ChildBks,CookBks,DoItYBks,ArtBks,GeogBks,ItalCook,ItalArt,,,,
,,,,,,,,,,
ChildBks,YouthBks,CookBks,DoItYBks,RefBks,,,,,,
,,,,,,,,,,
,,,,,,,,,,
,,,,,,,,,,
ChildBks,YouthBks,CookBks,DoItYBks,GeogBks,,,,,,
,,,,,,,,,,
CookBks,RefBks,,,,,,,,,
ChildBks,YouthBks,CookBks,DoItYBks,RefBks,GeogBks,,,,,
YouthBks,DoItYBks,GeogBks,,,,,,,,
ChildBks,CookBks,RefBks,ArtBks,GeogBks,Florence,,,,,
ChildBks,YouthBks,CookBks,RefBks,ArtBks,GeogBks,ItalCook,ItalArt,Florence,,
ChildBks,,,,,,,,,,
ChildBks,CookBks,RefBks,ArtBks,GeogBks,,,,,,
ChildBks,YouthBks,CookBks,RefBks,ArtBks,,,,,,
ArtBks,,,,,,,,,,
ChildBks,CookBks,DoItYBks,ArtBks,GeogBks,ItalCook,ItalArt,,,,
CookBks,,,,,,,,,,
ChildBks,YouthBks,DoItYBks,RefBks,ArtBks,ItalAtlas,ItalArt,Florence,,,
ChildBks,CookBks,DoItYBks,RefBks,ArtBks,ItalCook,,,,,
,,,,,,,,,,
ChildBks,,,,,,,,,,
,,,,,,,,,,
RefBks,,,,,,,,,,
,,,,,,,,,,
,,,,,,,,,,
ChildBks,DoItYBks,,,,,,,,,
ChildBks,,,,,,,,,,
,,,,,,,,,,
CookBks,,,,,,,,,,
,,,,,,,,,,
CookBks,RefBks,,,,,,,,,
,,,,,,,,,,
ChildBks,CookBks,DoItYBks,RefBks,ArtBks,,,,,,
ChildBks,,,,,,,,,,
YouthBks,CookBks,,,,,,,,,
CookBks,RefBks,,,,,,,,,
CookBks,RefBks,ItalAtlas,,,,,,,,
CookBks,,,,,,,,,,
ChildBks,YouthBks,CookBks,DoItYBks,ArtBks,GeogBks,,,,,
ChildBks,,,,,,,,,,
,,,,,,,,,,
ChildBks,Florence,,,,,,,,,
CookBks,,,,,,,,,,
,,,,,,,,,,
,,,,,,,,,,
CookBks,GeogBks,,,,,,,,,
Florence,,,,,,,,,,
Florence,,,,,,,,,,
CookBks,ArtBks,,,,,,,,,
DoItYBks,,,,,,,,,,
ChildBks,YouthBks,CookBks,GeogBks,ItalCook,,,,,,
ChildBks,YouthBks,CookBks,DoItYBks,RefBks,ArtBks,GeogBks,ItalCook,Florence,,
ChildBks,,,,,,,,,,
YouthBks,,,,,,,,,,
ChildBks,ArtBks,GeogBks,,,,,,,,
ChildBks,CookBks,RefBks,GeogBks,,,,,,,
,,,,,,,,,,
ChildBks,YouthBks,ArtBks,GeogBks,,,,,,,
ChildBks,CookBks,,,,,,,,,
,,,,,,,,,,
YouthBks,RefBks,ArtBks,GeogBks,ItalAtlas,ItalArt,Florence,,,,
ChildBks,,,,,,,,,,
CookBks,RefBks,,,,,,,,,
CookBks,RefBks,ItalAtlas,,,,,,,,
ChildBks,YouthBks,CookBks,DoItYBks,ArtBks,GeogBks,ItalCook,ItalArt,,,
CookBks,ArtBks,ItalArt,,,,,,,,
ChildBks,CookBks,DoItYBks,RefBks,ArtBks,,,,,,
ChildBks,YouthBks,CookBks,DoItYBks,ArtBks,,,,,,
CookBks,ItalCook,,,,,,,,,
CookBks,DoItYBks,,,,,,,,,
YouthBks,CookBks,,,,,,,,,
ChildBks,YouthBks,DoItYBks,GeogBks,,,,,,,
ChildBks,,,,,,,,,,
,,,,,,,,,,
ChildBks,CookBks,DoItYBks,RefBks,ArtBks,,,,,,
ChildBks,CookBks,DoItYBks,ItalCook,,,,,,,
GeogBks,,,,,,,,,,
ChildBks,YouthBks,CookBks,DoItYBks,RefBks,GeogBks,,,,,
YouthBks,CookBks,DoItYBks,ArtBks,GeogBks,,,,,,
ChildBks,YouthBks,CookBks,DoItYBks,,,,,,,
,,,,,,,,,,
ChildBks,,,,,,,,,,
GeogBks,,,,,,,,,,
RefBks,,,,,,,,,,
ChildBks,YouthBks,CookBks,DoItYBks,RefBks,ArtBks,GeogBks,,,,
ArtBks,,,,,,,,,,
ChildBks,CookBks,DoItYBks,ArtBks,GeogBks,ItalCook,ItalArt,Florence,,,
CookBks,RefBks,,,,,,,,,
ChildBks,RefBks,,,,,,,,,
CookBks,,,,,,,,,,
ChildBks,CookBks,DoItYBks,RefBks,GeogBks,ItalCook,,,,,
DoItYBks,,,,,,,,,,
ArtBks,,,,,,,,,,
ChildBks,CookBks,ItalCook,,,,,,,,
Florence,,,,,,,,,,
,,,,,,,,,,
ChildBks,CookBks,,,,,,,,,
,,,,,,,,,,
YouthBks,,,,,,,,,,
CookBks,DoItYBks,,,,,,,,,
,,,,,,,,,,
ChildBks,CookBks,,,,,,,,,
,,,,,,,,,,
ChildBks,YouthBks,CookBks,DoItYBks,RefBks,GeogBks,ItalCook,ItalAtlas,Florence,,
GeogBks,,,,,,,,,,
YouthBks,CookBks,,,,,,,,,
ChildBks,YouthBks,CookBks,RefBks,ItalCook,ItalAtlas,,,,,
ChildBks,DoItYBks,ArtBks,GeogBks,,,,,,,
ChildBks,,,,,,,,,,
CookBks,RefBks,ArtBks,GeogBks,ItalCook,ItalAtlas,ItalArt,,,,
ChildBks,YouthBks,CookBks,DoItYBks,ItalCook,,,,,,
YouthBks,CookBks,DoItYBks,Florence,,,,,,,
,,,,,,,,,,
,,,,,,,,,,
ChildBks,CookBks,ArtBks,GeogBks,ItalCook,,,,,,
,,,,,,,,,,
ChildBks,YouthBks,RefBks,,,,,,,,
ChildBks,DoItYBks,ArtBks,,,,,,,,
ChildBks,CookBks,DoItYBks,ArtBks,ItalArt,Florence,,,,,
CookBks,DoItYBks,GeogBks,,,,,,,,
,,,,,,,,,,
ChildBks,YouthBks,CookBks,DoItYBks,ArtBks,GeogBks,Florence,,,,
RefBks,,,,,,,,,,
CookBks,,,,,,,,,,
ChildBks,CookBks,DoItYBks,ArtBks,GeogBks,,,,,,
,,,,,,,,,,
ChildBks,YouthBks,CookBks,DoItYBks,RefBks,,,,,,
ChildBks,CookBks,RefBks,,,,,,,,
ChildBks,CookBks,RefBks,ArtBks,,,,,,,
ChildBks,YouthBks,CookBks,DoItYBks,RefBks,ArtBks,GeogBks,,,,
ChildBks,YouthBks,CookBks,RefBks,GeogBks,,,,,,
ChildBks,YouthBks,DoItYBks,RefBks,ItalAtlas,,,,,,
ChildBks,YouthBks,CookBks,DoItYBks,ArtBks,GeogBks,Florence,,,,
YouthBks,CookBks,,,,,,,,,
ChildBks,CookBks,,,,,,,,,
,,,,,,,,,,
ChildBks,,,,,,,,,,
ArtBks,,,,,,,,,,
ChildBks,YouthBks,CookBks,DoItYBks,ArtBks,GeogBks,,,,,
CookBks,,,,,,,,,,
ChildBks,,,,,,,,,,
ChildBks,YouthBks,CookBks,DoItYBks,RefBks,ArtBks,GeogBks,Florence,,,
ChildBks,YouthBks,CookBks,DoItYBks,RefBks,GeogBks,ItalCook,ItalAtlas,,,
ChildBks,CookBks,,,,,,,,,
Florence,,,,,,,,,,
ChildBks,,,,,,,,,,
CookBks,Florence,,,,,,,,,
ArtBks,GeogBks,Florence,,,,,,,,
,,,,,,,,,,
,,,,,,,,,,
Florence,,,,,,,,,,
ChildBks,YouthBks,CookBks,DoItYBks,ArtBks,ItalCook,,,,,
YouthBks,,,,,,,,,,
ChildBks,YouthBks,CookBks,GeogBks,ItalCook,,,,,,
ChildBks,DoItYBks,GeogBks,,,,,,,,
ChildBks,CookBks,DoItYBks,RefBks,ArtBks,GeogBks,,,,,
,,,,,,,,,,
ChildBks,YouthBks,CookBks,ArtBks,GeogBks,,,,,,
ArtBks,,,,,,,,,,
,,,,,,,,,,
CookBks,GeogBks,ItalCook,,,,,,,,
,,,,,,,,,,
,,,,,,,,,,
ChildBks,CookBks,,,,,,,,,
CookBks,,,,,,,,,,
CookBks,DoItYBks,RefBks,,,,,,,,
YouthBks,CookBks,ArtBks,GeogBks,,,,,,,
ChildBks,YouthBks,CookBks,ItalCook,,,,,,,
CookBks,,,,,,,,,,
ChildBks,,,,,,,,,,
ChildBks,YouthBks,CookBks,DoItYBks,ArtBks,Florence,,,,,
ChildBks,,,,,,,,,,
DoItYBks,RefBks,,,,,,,,,
,,,,,,,,,,
YouthBks,,,,,,,,,,
,,,,,,,,,,
YouthBks,GeogBks,,,,,,,,,
,,,,,,,,,,
DoItYBks,GeogBks,,,,,,,,,
,,,,,,,,,,
ChildBks,CookBks,ArtBks,,,,,,,,
,,,,,,,,,,
YouthBks,,,,,,,,,,
ArtBks,,,,,,,,,,
ChildBks,CookBks,,,,,,,,,
DoItYBks,ArtBks,,,,,,,,,
ChildBks,YouthBks,CookBks,DoItYBks,RefBks,ItalAtlas,,,,,
YouthBks,CookBks,DoItYBks,GeogBks,,,,,,,
ChildBks,YouthBks,CookBks,DoItYBks,GeogBks,,,,,,
ChildBks,YouthBks,,,,,,,,,
,,,,,,,,,,
CookBks,Florence,,,,,,,,,
DoItYBks,,,,,,,,,,
RefBks,,,,,,,,,,
CookBks,,,,,,,,,,
YouthBks,,,,,,,,,,
DoItYBks,,,,,,,,,,
ChildBks,CookBks,DoItYBks,RefBks,ArtBks,,,,,,
ChildBks,YouthBks,CookBks,DoItYBks,RefBks,,,,,,
ChildBks,YouthBks,CookBks,DoItYBks,RefBks,ArtBks,GeogBks,ItalCook,,,
CookBks,DoItYBks,RefBks,GeogBks,ItalAtlas,,,,,,
,,,,,,,,,,
ChildBks,CookBks,DoItYBks,,,,,,,,
,,,,,,,,,,
CookBks,ArtBks,GeogBks,,,,,,,,
ChildBks,YouthBks,CookBks,ItalCook,,,,,,,
YouthBks,CookBks,,,,,,,,,
RefBks,ArtBks,Florence,,,,,,,,
DoItYBks,,,,,,,,,,
ChildBks,CookBks,DoItYBks,ArtBks,GeogBks,,,,,,
,,,,,,,,,,
YouthBks,CookBks,DoItYBks,ItalCook,,,,,,,
ChildBks,YouthBks,CookBks,ArtBks,GeogBks,,,,,,
,,,,,,,,,,
ChildBks,CookBks,GeogBks,,,,,,,,
ChildBks,CookBks,DoItYBks,ArtBks,ItalCook,ItalArt,,,,,
ChildBks,YouthBks,CookBks,RefBks,ArtBks,GeogBks,,,,,
DoItYBks,,,,,,,,,,
ChildBks,YouthBks,,,,,,,,,
Florence,,,,,,,,,,
CookBks,,,,,,,,,,
ChildBks,,,,,,,,,,
,,,,,,,,,,
ChildBks,YouthBks,CookBks,ArtBks,GeogBks,ItalCook,ItalArt,,,,
ChildBks,CookBks,ItalCook,,,,,,,,
ChildBks,GeogBks,,,,,,,,,
Florence,,,,,,,,,,
ChildBks,,,,,,,,,,
ChildBks,CookBks,DoItYBks,RefBks,,,,,,,
,,,,,,,,,,
,,,,,,,,,,
ChildBks,YouthBks,DoItYBks,ArtBks,GeogBks,,,,,,
ChildBks,YouthBks,CookBks,GeogBks,ItalCook,,,,,,
ChildBks,YouthBks,CookBks,RefBks,GeogBks,ItalCook,ItalAtlas,,,,
YouthBks,CookBks,,,,,,,,,
ChildBks,DoItYBks,RefBks,ArtBks,GeogBks,ItalAtlas,ItalArt,,,,
CookBks,,,,,,,,,,
,,,,,,,,,,
ChildBks,CookBks,DoItYBks,ArtBks,GeogBks,,,,,,
ChildBks,YouthBks,CookBks,RefBks,,,,,,,
ChildBks,,,,,,,,,,
CookBks,,,,,,,,,,
CookBks,ArtBks,GeogBks,,,,,,,,
ChildBks,CookBks,DoItYBks,RefBks,ItalCook,ItalAtlas,,,,,
CookBks,DoItYBks,,,,,,,,,
ChildBks,YouthBks,CookBks,RefBks,GeogBks,Florence,,,,,
ChildBks,DoItYBks,,,,,,,,,
,,,,,,,,,,
CookBks,,,,,,,,,,
YouthBks,CookBks,RefBks,ArtBks,GeogBks,,,,,,
,,,,,,,,,,
ChildBks,YouthBks,CookBks,DoItYBks,RefBks,ItalCook,ItalAtlas,,,,
,,,,,,,,,,
ChildBks,Florence,,,,,,,,,
ChildBks,YouthBks,CookBks,RefBks,GeogBks,ItalCook,,,,,
ChildBks,CookBks,DoItYBks,ArtBks,ItalCook,ItalArt,,,,,
,,,,,,,,,,
CookBks,RefBks,ItalAtlas,,,,,,,,
CookBks,GeogBks,,,,,,,,,
DoItYBks,ArtBks,,,,,,,,,
ChildBks,YouthBks,CookBks,DoItYBks,RefBks,GeogBks,,,,,
RefBks,,,,,,,,,,
ChildBks,YouthBks,ArtBks,ItalArt,,,,,,,
ChildBks,YouthBks,CookBks,DoItYBks,RefBks,GeogBks,,,,,
ChildBks,YouthBks,CookBks,DoItYBks,RefBks,ArtBks,Florence,,,,
,,,,,,,,,,
YouthBks,,,,,,,,,,
ChildBks,CookBks,DoItYBks,ArtBks,,,,,,,
ChildBks,YouthBks,CookBks,ItalCook,,,,,,,
CookBks,,,,,,,,,,
ChildBks,DoItYBks,,,,,,,,,
CookBks,RefBks,,,,,,,,,
ChildBks,CookBks,DoItYBks,GeogBks,ItalCook,Florence,,,,,
CookBks,DoItYBks,GeogBks,ItalCook,,,,,,,
ChildBks,CookBks,DoItYBks,ItalCook,,,,,,,
ChildBks,DoItYBks,,,,,,,,,
ChildBks,CookBks,DoItYBks,RefBks,ItalCook,ItalAtlas,,,,,
ChildBks,CookBks,DoItYBks,GeogBks,,,,,,,
ChildBks,CookBks,RefBks,ArtBks,GeogBks,ItalCook,,,,,
ChildBks,YouthBks,CookBks,DoItYBks,ArtBks,GeogBks,,,,,
ChildBks,CookBks,ArtBks,,,,,,,,
CookBks,,,,,,,,,,
,,,,,,,,,,
DoItYBks,,,,,,,,,,
ChildBks,CookBks,DoItYBks,,,,,,,,
ChildBks,YouthBks,RefBks,GeogBks,,,,,,,
YouthBks,CookBks,,,,,,,,,
CookBks,ArtBks,,,,,,,,,
,,,,,,,,,,
ChildBks,YouthBks,CookBks,DoItYBks,GeogBks,ItalCook,,,,,
DoItYBks,,,,,,,,,,
ChildBks,YouthBks,CookBks,DoItYBks,,,,,,,
ChildBks,DoItYBks,,,,,,,,,
ChildBks,DoItYBks,GeogBks,Florence,,,,,,,
,,,,,,,,,,
Florence,,,,,,,,,,
ArtBks,Florence,,,,,,,,,
,,,,,,,,,,
YouthBks,CookBks,ArtBks,,,,,,,,
,,,,,,,,,,
CookBks,,,,,,,,,,
ChildBks,YouthBks,DoItYBks,GeogBks,,,,,,,
,,,,,,,,,,
ChildBks,YouthBks,CookBks,DoItYBks,GeogBks,,,,,,
,,,,,,,,,,
Florence,,,,,,,,,,
ChildBks,CookBks,,,,,,,,,
ChildBks,CookBks,DoItYBks,ArtBks,GeogBks,ItalCook,,,,,
ChildBks,CookBks,DoItYBks,RefBks,ArtBks,ItalAtlas,ItalArt,Florence,,,
CookBks,GeogBks,ItalCook,,,,,,,,
ChildBks,CookBks,,,,,,,,,
ArtBks,,,,,,,,,,
Florence,,,,,,,,,,
CookBks,,,,,,,,,,
CookBks,DoItYBks,ArtBks,GeogBks,ItalCook,ItalArt,,,,,
ChildBks,,,,,,,,,,
ChildBks,YouthBks,CookBks,DoItYBks,ArtBks,GeogBks,ItalCook,,,,
ArtBks,,,,,,,,,,
DoItYBks,,,,,,,,,,
ChildBks,YouthBks,DoItYBks,RefBks,ArtBks,,,,,,
ChildBks,YouthBks,CookBks,GeogBks,ItalCook,,,,,,
CookBks,,,,,,,,,,
,,,,,,,,,,
ChildBks,YouthBks,CookBks,RefBks,ArtBks,GeogBks,ItalCook,,,,
,,,,,,,,,,
,,,,,,,,,,
CookBks,RefBks,,,,,,,,,
YouthBks,ArtBks,,,,,,,,,
ChildBks,CookBks,ArtBks,GeogBks,Florence,,,,,,
ChildBks,CookBks,DoItYBks,RefBks,ArtBks,GeogBks,ItalCook,ItalAtlas,ItalArt,,
ChildBks,ArtBks,GeogBks,,,,,,,,
CookBks,,,,,,,,,,
CookBks,,,,,,,,,,
ChildBks,CookBks,DoItYBks,RefBks,ArtBks,ItalCook,ItalArt,Florence,,,
CookBks,DoItYBks,ArtBks,GeogBks,,,,,,,
,,,,,,,,,,
,,,,,,,,,,
,,,,,,,,,,
CookBks,,,,,,,,,,
ArtBks,,,,,,,,,,
ChildBks,CookBks,RefBks,GeogBks,,,,,,,
ChildBks,YouthBks,CookBks,GeogBks,Florence,,,,,,
ChildBks,CookBks,DoItYBks,RefBks,ArtBks,GeogBks,,,,,
ChildBks,ArtBks,,,,,,,,,
,,,,,,,,,,
YouthBks,CookBks,ArtBks,GeogBks,,,,,,,
Florence,,,,,,,,,,
YouthBks,CookBks,DoItYBks,GeogBks,ItalCook,,,,,,
ChildBks,YouthBks,CookBks,DoItYBks,,,,,,,
,,,,,,,,,,
,,,,,,,,,,
ChildBks,GeogBks,,,,,,,,,
ChildBks,CookBks,GeogBks,Florence,,,,,,,
ChildBks,YouthBks,CookBks,ItalCook,,,,,,,
ChildBks,DoItYBks,RefBks,GeogBks,,,,,,,
ChildBks,YouthBks,CookBks,,,,,,,,
ArtBks,,,,,,,,,,
YouthBks,,,,,,,,,,
RefBks,Florence,,,,,,,,,
ChildBks,CookBks,,,,,,,,,
ChildBks,YouthBks,CookBks,RefBks,,,,,,,
ChildBks,,,,,,,,,,
,,,,,,,,,,
,,,,,,,,,,
CookBks,DoItYBks,ArtBks,GeogBks,,,,,,,
ChildBks,,,,,,,,,,
CookBks,GeogBks,,,,,,,,,
,,,,,,,,,,
ChildBks,,,,,,,,,,
,,,,,,,,,,
YouthBks,,,,,,,,,,
,,,,,,,,,,
ChildBks,RefBks,,,,,,,,,
YouthBks,CookBks,DoItYBks,GeogBks,,,,,,,
,,,,,,,,,,
ChildBks,DoItYBks,ArtBks,Florence,,,,,,,
ChildBks,YouthBks,GeogBks,,,,,,,,
ChildBks,YouthBks,CookBks,DoItYBks,RefBks,GeogBks,,,,,
,,,,,,,,,,
CookBks,,,,,,,,,,
DoItYBks,,,,,,,,,,
,,,,,,,,,,
ArtBks,,,,,,,,,,
ChildBks,CookBks,RefBks,ArtBks,,,,,,,
ChildBks,CookBks,DoItYBks,ArtBks,GeogBks,,,,,,
ArtBks,Florence,,,,,,,,,
CookBks,ItalCook,,,,,,,,,
,,,,,,,,,,
ChildBks,CookBks,DoItYBks,ArtBks,GeogBks,,,,,,
YouthBks,CookBks,ItalCook,,,,,,,,
YouthBks,,,,,,,,,,
Florence,,,,,,,,,,
,,,,,,,,,,
ChildBks,,,,,,,,,,
ChildBks,YouthBks,CookBks,DoItYBks,RefBks,ArtBks,GeogBks,ItalCook,ItalAtlas,ItalArt,Florence
,,,,,,,,,,
ChildBks,YouthBks,CookBks,DoItYBks,RefBks,ArtBks,GeogBks,,,,
YouthBks,DoItYBks,ArtBks,ItalArt,,,,,,,
ChildBks,CookBks,DoItYBks,ArtBks,GeogBks,ItalCook,ItalArt,Florence,,,
ChildBks,CookBks,RefBks,ArtBks,GeogBks,,,,,,
ChildBks,YouthBks,DoItYBks,RefBks,,,,,,,
GeogBks,,,,,,,,,,
ChildBks,ArtBks,,,,,,,,,
ChildBks,CookBks,RefBks,ItalCook,,,,,,,
CookBks,,,,,,,,,,
ChildBks,YouthBks,CookBks,DoItYBks,RefBks,ArtBks,,,,,
ChildBks,,,,,,,,,,
ChildBks,,,,,,,,,,
ChildBks,YouthBks,CookBks,GeogBks,,,,,,,
RefBks,,,,,,,,,,
CookBks,DoItYBks,,,,,,,,,
DoItYBks,,,,,,,,,,
RefBks,GeogBks,,,,,,,,,
,,,,,,,,,,
ChildBks,CookBks,ItalCook,,,,,,,,
CookBks,,,,,,,,,,
CookBks,,,,,,,,,,
Florence,,,,,,,,,,
ChildBks,ArtBks,GeogBks,ItalArt,,,,,,,
,,,,,,,,,,
,,,,,,,,,,
DoItYBks,GeogBks,,,,,,,,,
CookBks,GeogBks,,,,,,,,,
ChildBks,,,,,,,,,,
,,,,,,,,,,
GeogBks,Florence,,,,,,,,,
ChildBks,,,,,,,,,,
CookBks,,,,,,,,,,
ArtBks,,,,,,,,,,
ChildBks,CookBks,RefBks,GeogBks,ItalCook,,,,,,
DoItYBks,,,,,,,,,,
ChildBks,YouthBks,CookBks,DoItYBks,RefBks,,,,,,
YouthBks,,,,,,,,,,
ChildBks,CookBks,RefBks,,,,,,,,
,,,,,,,,,,
GeogBks,,,,,,,,,,
ChildBks,CookBks,DoItYBks,RefBks,ArtBks,GeogBks,ItalCook,ItalAtlas,ItalArt,,
,,,,,,,,,,
ChildBks,YouthBks,CookBks,RefBks,GeogBks,,,,,,
CookBks,,,,,,,,,,
ChildBks,CookBks,RefBks,GeogBks,ItalCook,ItalAtlas,Florence,,,,
CookBks,,,,,,,,,,
CookBks,,,,,,,,,,
ChildBks,YouthBks,CookBks,DoItYBks,GeogBks,,,,,,
ChildBks,,,,,,,,,,
ChildBks,YouthBks,CookBks,ArtBks,GeogBks,ItalCook,,,,,
CookBks,DoItYBks,,,,,,,,,
,,,,,,,,,,
ChildBks,YouthBks,DoItYBks,RefBks,ArtBks,GeogBks,Florence,,,,
ChildBks,YouthBks,CookBks,DoItYBks,RefBks,ArtBks,GeogBks,,,,
ChildBks,CookBks,GeogBks,ItalCook,,,,,,,
ChildBks,CookBks,ArtBks,,,,,,,,
ChildBks,,,,,,,,,,
ChildBks,YouthBks,CookBks,DoItYBks,RefBks,ArtBks,GeogBks,ItalCook,ItalAtlas,ItalArt,
ChildBks,ArtBks,,,,,,,,,
ChildBks,YouthBks,CookBks,RefBks,GeogBks,,,,,,
ChildBks,CookBks,DoItYBks,ArtBks,ItalCook,ItalArt,,,,,
DoItYBks,,,,,,,,,,
ChildBks,ArtBks,ItalArt,,,,,,,,
ChildBks,YouthBks,RefBks,ArtBks,GeogBks,,,,,,
CookBks,,,,,,,,,,
ChildBks,YouthBks,CookBks,DoItYBks,,,,,,,
ChildBks,CookBks,DoItYBks,RefBks,ArtBks,GeogBks,ItalCook,Florence,,,
CookBks,ArtBks,GeogBks,,,,,,,,
CookBks,,,,,,,,,,
DoItYBks,,,,,,,,,,
DoItYBks,,,,,,,,,,
ChildBks,CookBks,RefBks,ArtBks,GeogBks,,,,,,
DoItYBks,,,,,,,,,,
ChildBks,YouthBks,,,,,,,,,
CookBks,,,,,,,,,,
RefBks,,,,,,,,,,
,,,,,,,,,,
ChildBks,DoItYBks,,,,,,,,,
ChildBks,CookBks,,,,,,,,,
ChildBks,DoItYBks,GeogBks,,,,,,,,
YouthBks,CookBks,RefBks,ArtBks,GeogBks,Florence,,,,,
ChildBks,Florence,,,,,,,,,
ChildBks,CookBks,ArtBks,ItalCook,ItalArt,,,,,,
,,,,,,,,,,
YouthBks,CookBks,DoItYBks,RefBks,ArtBks,Florence,,,,,
CookBks,ArtBks,GeogBks,ItalArt,,,,,,,
,,,,,,,,,,
,,,,,,,,,,
,,,,,,,,,,
ChildBks,YouthBks,CookBks,DoItYBks,GeogBks,Florence,,,,,
CookBks,,,,,,,,,,
ChildBks,YouthBks,CookBks,ItalCook,,,,,,,
ChildBks,YouthBks,,,,,,,,,
CookBks,RefBks,,,,,,,,,
Florence,,,,,,,,,,
ChildBks,CookBks,DoItYBks,ArtBks,GeogBks,,,,,,
ChildBks,DoItYBks,,,,,,,,,
CookBks,DoItYBks,,,,,,,,,
YouthBks,CookBks,RefBks,ArtBks,,,,,,,
,,,,,,,,,,
,,,,,,,,,,
ChildBks,,,,,,,,,,
ChildBks,YouthBks,CookBks,DoItYBks,RefBks,ArtBks,GeogBks,,,,
ChildBks,CookBks,ArtBks,GeogBks,,,,,,,
ChildBks,CookBks,DoItYBks,RefBks,ItalCook,ItalAtlas,,,,,
ChildBks,YouthBks,CookBks,ArtBks,GeogBks,,,,,,
YouthBks,CookBks,DoItYBks,RefBks,ArtBks,GeogBks,,,,,
YouthBks,ArtBks,,,,,,,,,
YouthBks,,,,,,,,,,
,,,,,,,,,,
,,,,,,,,,,
ChildBks,CookBks,DoItYBks,RefBks,ArtBks,GeogBks,,,,,
DoItYBks,,,,,,,,,,
ChildBks,DoItYBks,,,,,,,,,
CookBks,DoItYBks,,,,,,,,,
ChildBks,YouthBks,CookBks,DoItYBks,RefBks,ArtBks,GeogBks,,,,
YouthBks,CookBks,,,,,,,,,
ChildBks,YouthBks,RefBks,GeogBks,ItalAtlas,,,,,,
,,,,,,,,,,
,,,,,,,,,,
ChildBks,,,,,,,,,,
CookBks,RefBks,,,,,,,,,
ChildBks,YouthBks,CookBks,DoItYBks,RefBks,ArtBks,GeogBks,,,,
ChildBks,GeogBks,,,,,,,,,
ChildBks,CookBks,DoItYBks,,,,,,,,
ChildBks,CookBks,DoItYBks,ArtBks,ItalCook,ItalArt,Florence,,,,
ChildBks,YouthBks,CookBks,RefBks,ArtBks,GeogBks,,,,,
YouthBks,CookBks,DoItYBks,RefBks,,,,,,,
ChildBks,YouthBks,CookBks,DoItYBks,RefBks,,,,,,
ChildBks,YouthBks,CookBks,DoItYBks,RefBks,ArtBks,GeogBks,,,,
CookBks,,,,,,,,,,
,,,,,,,,,,
,,,,,,,,,,
ChildBks,CookBks,,,,,,,,,
,,,,,,,,,,
ChildBks,CookBks,RefBks,ItalCook,,,,,,,
,,,,,,,,,,
CookBks,DoItYBks,,,,,,,,,
,,,,,,,,,,
,,,,,,,,,,
,,,,,,,,,,
ChildBks,CookBks,RefBks,GeogBks,,,,,,,
ChildBks,,,,,,,,,,
ChildBks,,,,,,,,,,
YouthBks,CookBks,GeogBks,,,,,,,,
ChildBks,YouthBks,CookBks,DoItYBks,RefBks,ArtBks,GeogBks,,,,
CookBks,,,,,,,,,,
,,,,,,,,,,
CookBks,,,,,,,,,,
YouthBks,,,,,,,,,,
,,,,,,,,,,
ChildBks,YouthBks,,,,,,,,,
CookBks,GeogBks,,,,,,,,,
CookBks,DoItYBks,ArtBks,ItalCook,ItalArt,,,,,,
ArtBks,GeogBks,,,,,,,,,
ChildBks,YouthBks,CookBks,RefBks,ArtBks,Florence,,,,,
CookBks,,,,,,,,,,
GeogBks,,,,,,,,,,
CookBks,RefBks,ArtBks,,,,,,,,
DoItYBks,,,,,,,,,,
ChildBks,CookBks,RefBks,,,,,,,,
CookBks,DoItYBks,RefBks,ItalCook,ItalAtlas,,,,,,
ChildBks,YouthBks,CookBks,DoItYBks,ArtBks,,,,,,
ChildBks,CookBks,DoItYBks,RefBks,GeogBks,,,,,,
ChildBks,CookBks,DoItYBks,RefBks,GeogBks,Florence,,,,,
CookBks,,,,,,,,,,
ChildBks,,,,,,,,,,
YouthBks,,,,,,,,,,
ChildBks,YouthBks,CookBks,DoItYBks,RefBks,GeogBks,,,,,
ChildBks,CookBks,DoItYBks,RefBks,ItalCook,,,,,,
DoItYBks,,,,,,,,,,
ChildBks,YouthBks,CookBks,GeogBks,ItalCook,,,,,,
RefBks,,,,,,,,,,
,,,,,,,,,,
,,,,,,,,,,
CookBks,,,,,,,,,,
ChildBks,YouthBks,GeogBks,,,,,,,,
DoItYBks,,,,,,,,,,
CookBks,ArtBks,GeogBks,,,,,,,,
ChildBks,RefBks,,,,,,,,,
YouthBks,,,,,,,,,,
ChildBks,ArtBks,GeogBks,ItalArt,,,,,,,
ChildBks,CookBks,RefBks,GeogBks,ItalCook,,,,,,
YouthBks,CookBks,RefBks,GeogBks,,,,,,,
YouthBks,,,,,,,,,,
CookBks,GeogBks,,,,,,,,,
CookBks,DoItYBks,ArtBks,,,,,,,,
,,,,,,,,,,
ChildBks,RefBks,,,,,,,,,
,,,,,,,,,,
RefBks,ItalAtlas,,,,,,,,,
ChildBks,CookBks,DoItYBks,,,,,,,,
,,,,,,,,,,
,,,,,,,,,,
Florence,,,,,,,,,,
ChildBks,YouthBks,CookBks,DoItYBks,RefBks,ArtBks,GeogBks,,,,
,,,,,,,,,,
ChildBks,YouthBks,CookBks,RefBks,ArtBks,,,,,,
ArtBks,,,,,,,,,,
YouthBks,DoItYBks,,,,,,,,,
CookBks,,,,,,,,,,
ChildBks,YouthBks,CookBks,DoItYBks,RefBks,ArtBks,ItalCook,ItalAtlas,ItalArt,,
,,,,,,,,,,
ChildBks,DoItYBks,RefBks,,,,,,,,
ChildBks,YouthBks,CookBks,DoItYBks,ArtBks,GeogBks,,,,,
CookBks,DoItYBks,RefBks,ArtBks,GeogBks,ItalCook,ItalAtlas,ItalArt,,,
ChildBks,,,,,,,,,,
,,,,,,,,,,
ChildBks,CookBks,ItalCook,,,,,,,,
ChildBks,CookBks,,,,,,,,,
ChildBks,GeogBks,,,,,,,,,
ChildBks,YouthBks,CookBks,DoItYBks,RefBks,ItalCook,,,,,
ChildBks,YouthBks,CookBks,ArtBks,GeogBks,,,,,,
ChildBks,YouthBks,DoItYBks,RefBks,ArtBks,Florence,,,,,
Florence,,,,,,,,,,
ChildBks,YouthBks,CookBks,DoItYBks,ArtBks,GeogBks,,,,,
DoItYBks,,,,,,,,,,
ChildBks,,,,,,,,,,
ChildBks,YouthBks,CookBks,DoItYBks,RefBks,,,,,,
,,,,,,,,,,
CookBks,,,,,,,,,,
ChildBks,YouthBks,,,,,,,,,
GeogBks,,,,,,,,,,
CookBks,DoItYBks,ArtBks,Florence,,,,,,,
,,,,,,,,,,
YouthBks,CookBks,ArtBks,GeogBks,,,,,,,
ChildBks,,,,,,,,,,
YouthBks,,,,,,,,,,
ChildBks,YouthBks,CookBks,DoItYBks,RefBks,,,,,,
ChildBks,CookBks,DoItYBks,RefBks,GeogBks,,,,,,
CookBks,,,,,,,,,,
ChildBks,CookBks,ArtBks,GeogBks,,,,,,,
,,,,,,,,,,
CookBks,,,,,,,,,,
ChildBks,CookBks,RefBks,ArtBks,ItalCook,ItalAtlas,,,,,
,,,,,,,,,,
ChildBks,YouthBks,CookBks,DoItYBks,ArtBks,GeogBks,,,,,
,,,,,,,,,,
ChildBks,CookBks,ArtBks,,,,,,,,
ChildBks,CookBks,ArtBks,GeogBks,,,,,,,
,,,,,,,,,,
YouthBks,ArtBks,,,,,,,,,
ChildBks,CookBks,DoItYBks,GeogBks,ItalCook,,,,,,
,,,,,,,,,,
YouthBks,CookBks,DoItYBks,ArtBks,ItalCook,ItalArt,,,,,
ChildBks,,,,,,,,,,
ChildBks,YouthBks,DoItYBks,,,,,,,,
DoItYBks,,,,,,,,,,
RefBks,,,,,,,,,,
ChildBks,YouthBks,CookBks,DoItYBks,RefBks,ArtBks,,,,,
CookBks,Florence,,,,,,,,,
RefBks,Florence,,,,,,,,,
,,,,,,,,,,
ChildBks,GeogBks,,,,,,,,,
ChildBks,CookBks,RefBks,,,,,,,,
CookBks,,,,,,,,,,
CookBks,,,,,,,,,,
CookBks,,,,,,,,,,
ChildBks,CookBks,RefBks,ArtBks,GeogBks,,,,,,
DoItYBks,,,,,,,,,,
,,,,,,,,,,
ArtBks,Florence,,,,,,,,,
RefBks,GeogBks,,,,,,,,,
RefBks,Florence,,,,,,,,,
CookBks,,,,,,,,,,
ChildBks,,,,,,,,,,
,,,,,,,,,,
ChildBks,CookBks,RefBks,ArtBks,GeogBks,Florence,,,,,
ChildBks,YouthBks,CookBks,RefBks,ArtBks,ItalCook,ItalArt,,,,
,,,,,,,,,,
,,,,,,,,,,
ChildBks,GeogBks,,,,,,,,,
ChildBks,YouthBks,CookBks,DoItYBks,GeogBks,,,,,,
ChildBks,YouthBks,RefBks,GeogBks,,,,,,,
,,,,,,,,,,
,,,,,,,,,,
ChildBks,CookBks,DoItYBks,ArtBks,GeogBks,,,,,,
ChildBks,YouthBks,CookBks,,,,,,,,
,,,,,,,,,,
ChildBks,YouthBks,CookBks,DoItYBks,ArtBks,GeogBks,,,,,
ChildBks,CookBks,RefBks,ArtBks,GeogBks,ItalCook,ItalAtlas,ItalArt,,,
CookBks,RefBks,GeogBks,,,,,,,,
CookBks,,,,,,,,,,
CookBks,,,,,,,,,,
ChildBks,,,,,,,,,,
ChildBks,CookBks,DoItYBks,RefBks,ArtBks,ItalCook,,,,,
DoItYBks,ArtBks,ItalArt,,,,,,,,
ChildBks,YouthBks,CookBks,DoItYBks,ArtBks,GeogBks,ItalCook,,,,
,,,,,,,,,,
YouthBks,GeogBks,,,,,,,,,
YouthBks,GeogBks,,,,,,,,,
CookBks,,,,,,,,,,
ChildBks,CookBks,,,,,,,,,
YouthBks,,,,,,,,,,
ChildBks,Florence,,,,,,,,,
ChildBks,CookBks,ArtBks,GeogBks,Florence,,,,,,
ChildBks,ArtBks,,,,,,,,,
DoItYBks,,,,,,,,,,
ChildBks,YouthBks,CookBks,DoItYBks,RefBks,ArtBks,,,,,
DoItYBks,ArtBks,GeogBks,,,,,,,,
YouthBks,DoItYBks,,,,,,,,,
YouthBks,CookBks,ArtBks,ItalCook,,,,,,,
ChildBks,YouthBks,CookBks,DoItYBks,GeogBks,,,,,,
,,,,,,,,,,
Florence,,,,,,,,,,
,,,,,,,,,,
Florence,,,,,,,,,,
ChildBks,CookBks,DoItYBks,RefBks,GeogBks,,,,,,
YouthBks,CookBks,RefBks,,,,,,,,
YouthBks,RefBks,GeogBks,,,,,,,,
CookBks,,,,,,,,,,
ChildBks,CookBks,,,,,,,,,
ChildBks,CookBks,DoItYBks,,,,,,,,
ChildBks,GeogBks,,,,,,,,,
,,,,,,,,,,
ChildBks,YouthBks,CookBks,DoItYBks,,,,,,,
ChildBks,CookBks,GeogBks,,,,,,,,
YouthBks,CookBks,ItalCook,,,,,,,,
ChildBks,CookBks,ArtBks,GeogBks,Florence,,,,,,
,,,,,,,,,,
,,,,,,,,,,
,,,,,,,,,,
,,,,,,,,,,
ChildBks,,,,,,,,,,
ChildBks,ArtBks,,,,,,,,,
ChildBks,RefBks,GeogBks,,,,,,,,
CookBks,Florence,,,,,,,,,
ChildBks,YouthBks,CookBks,DoItYBks,RefBks,ArtBks,GeogBks,,,,
CookBks,GeogBks,,,,,,,,,
ChildBks,,,,,,,,,,
Florence,,,,,,,,,,
RefBks,,,,,,,,,,
Florence,,,,,,,,,,
GeogBks,,,,,,,,,,
ArtBks,,,,,,,,,,
,,,,,,,,,,
DoItYBks,,,,,,,,,,
DoItYBks,,,,,,,,,,
ChildBks,YouthBks,GeogBks,,,,,,,,
,,,,,,,,,,
ChildBks,GeogBks,,,,,,,,,
,,,,,,,,,,
ChildBks,DoItYBks,GeogBks,,,,,,,,
ChildBks,CookBks,DoItYBks,ArtBks,GeogBks,,,,,,
,,,,,,,,,,
CookBks,RefBks,GeogBks,Florence,,,,,,,
,,,,,,,,,,
ArtBks,,,,,,,,,,
ArtBks,,,,,,,,,,
,,,,,,,,,,
CookBks,,,,,,,,,,
ArtBks,,,,,,,,,,
CookBks,,,,,,,,,,
ChildBks,CookBks,DoItYBks,ArtBks,,,,,,,
CookBks,,,,,,,,,,
ChildBks,ArtBks,,,,,,,,,
,,,,,,,,,,
ChildBks,CookBks,ItalCook,,,,,,,,
RefBks,,,,,,,,,,
,,,,,,,,,,
DoItYBks,,,,,,,,,,
,,,,,,,,,,
YouthBks,CookBks,RefBks,ItalCook,ItalAtlas,,,,,,
,,,,,,,,,,
,,,,,,,,,,
CookBks,GeogBks,,,,,,,,,
ChildBks,YouthBks,CookBks,DoItYBks,ArtBks,ItalCook,,,,,
ChildBks,,,,,,,,,,
ChildBks,,,,,,,,,,
,,,,,,,,,,
RefBks,,,,,,,,,,
ChildBks,,,,,,,,,,
ChildBks,,,,,,,,,,
,,,,,,,,,,
ArtBks,,,,,,,,,,
,,,,,,,,,,
,,,,,,,,,,
ChildBks,,,,,,,,,,
YouthBks,,,,,,,,,,
CookBks,,,,,,,,,,
,,,,,,,,,,
ChildBks,,,,,,,,,,
ChildBks,,,,,,,,,,
CookBks,,,,,,,,,,
RefBks,GeogBks,,,,,,,,,
ChildBks,DoItYBks,ArtBks,GeogBks,ItalArt,Florence,,,,,
ChildBks,CookBks,RefBks,GeogBks,Florence,,,,,,
YouthBks,CookBks,ItalCook,Florence,,,,,,,
,,,,,,,,,,
ChildBks,CookBks,GeogBks,,,,,,,,
ChildBks,CookBks,ArtBks,,,,,,,,
CookBks,,,,,,,,,,
ChildBks,CookBks,GeogBks,ItalCook,,,,,,,
,,,,,,,,,,
,,,,,,,,,,
ChildBks,CookBks,ItalCook,Florence,,,,,,,
CookBks,DoItYBks,RefBks,,,,,,,,
CookBks,DoItYBks,,,,,,,,,
CookBks,,,,,,,,,,
,,,,,,,,,,
,,,,,,,,,,
ChildBks,CookBks,,,,,,,,,
CookBks,,,,,,,,,,
CookBks,,,,,,,,,,
ChildBks,YouthBks,DoItYBks,RefBks,ItalAtlas,,,,,,
YouthBks,CookBks,DoItYBks,RefBks,ArtBks,GeogBks,,,,,
ChildBks,CookBks,DoItYBks,ArtBks,,,,,,,
ChildBks,,,,,,,,,,
,,,,,,,,,,
CookBks,DoItYBks,ArtBks,GeogBks,,,,,,,
ChildBks,YouthBks,CookBks,ArtBks,GeogBks,,,,,,
ChildBks,DoItYBks,,,,,,,,,
,,,,,,,,,,
,,,,,,,,,,
ChildBks,,,,,,,,,,
YouthBks,RefBks,,,,,,,,,
ChildBks,YouthBks,CookBks,DoItYBks,RefBks,ArtBks,ItalCook,ItalAtlas,ItalArt,,
ChildBks,YouthBks,CookBks,ArtBks,,,,,,,
ChildBks,YouthBks,DoItYBks,,,,,,,,
,,,,,,,,,,
CookBks,ArtBks,,,,,,,,,
ChildBks,CookBks,,,,,,,,,
DoItYBks,RefBks,,,,,,,,,
ChildBks,CookBks,GeogBks,ItalCook,,,,,,,
CookBks,DoItYBks,RefBks,ArtBks,GeogBks,Florence,,,,,
YouthBks,CookBks,,,,,,,,,
,,,,,,,,,,
DoItYBks,,,,,,,,,,
ChildBks,YouthBks,RefBks,,,,,,,,
CookBks,DoItYBks,ArtBks,Florence,,,,,,,
ChildBks,YouthBks,ArtBks,GeogBks,,,,,,,
,,,,,,,,,,
CookBks,DoItYBks,ArtBks,GeogBks,ItalCook,Florence,,,,,
ChildBks,YouthBks,CookBks,DoItYBks,ItalCook,,,,,,
ChildBks,YouthBks,CookBks,RefBks,ArtBks,GeogBks,,,,,
,,,,,,,,,,
ChildBks,CookBks,,,,,,,,,
ChildBks,CookBks,DoItYBks,ArtBks,GeogBks,Florence,,,,,
ChildBks,CookBks,DoItYBks,RefBks,GeogBks,ItalCook,ItalAtlas,,,,
ChildBks,YouthBks,CookBks,RefBks,ArtBks,GeogBks,ItalCook,ItalAtlas,ItalArt,Florence,
CookBks,,,,,,,,,,
Florence,,,,,,,,,,
DoItYBks,RefBks,,,,,,,,,
CookBks,,,,,,,,,,
ChildBks,CookBks,ItalCook,,,,,,,,
YouthBks,,,,,,,,,,
ChildBks,,,,,,,,,,
ChildBks,DoItYBks,,,,,,,,,
ChildBks,CookBks,DoItYBks,RefBks,ArtBks,,,,,,
,,,,,,,,,,
CookBks,,,,,,,,,,
Florence,,,,,,,,,,
CookBks,,,,,,,,,,
ChildBks,,,,,,,,,,
ChildBks,YouthBks,CookBks,DoItYBks,RefBks,ArtBks,,,,,
ChildBks,YouthBks,CookBks,DoItYBks,ArtBks,GeogBks,,,,,
,,,,,,,,,,
,,,,,,,,,,
ChildBks,CookBks,DoItYBks,GeogBks,ItalCook,,,,,,
YouthBks,CookBks,ArtBks,GeogBks,Florence,,,,,,
ChildBks,RefBks,ArtBks,GeogBks,,,,,,,
CookBks,,,,,,,,,,
GeogBks,,,,,,,,,,
,,,,,,,,,,
CookBks,RefBks,,,,,,,,,
Florence,,,,,,,,,,
,,,,,,,,,,
DoItYBks,,,,,,,,,,
ChildBks,YouthBks,CookBks,DoItYBks,RefBks,GeogBks,,,,,
ChildBks,YouthBks,CookBks,DoItYBks,ArtBks,GeogBks,Florence,,,,
,,,,,,,,,,
ChildBks,ArtBks,,,,,,,,,
YouthBks,,,,,,,,,,
ChildBks,,,,,,,,,,
,,,,,,,,,,
,,,,,,,,,,
ChildBks,YouthBks,CookBks,ArtBks,ItalCook,,,,,,
ChildBks,YouthBks,CookBks,DoItYBks,ArtBks,GeogBks,,,,,
ChildBks,YouthBks,CookBks,DoItYBks,ArtBks,GeogBks,,,,,
RefBks,,,,,,,,,,
ChildBks,CookBks,ArtBks,,,,,,,,
ChildBks,YouthBks,CookBks,DoItYBks,RefBks,GeogBks,ItalCook,,,,
RefBks,Florence,,,,,,,,,
ChildBks,,,,,,,,,,
,,,,,,,,,,
YouthBks,DoItYBks,,,,,,,,,
ChildBks,CookBks,DoItYBks,GeogBks,,,,,,,
CookBks,ItalCook,,,,,,,,,
ChildBks,YouthBks,CookBks,DoItYBks,ArtBks,GeogBks,,,,,
YouthBks,CookBks,ItalCook,,,,,,,,
ChildBks,YouthBks,CookBks,RefBks,ArtBks,,,,,,
ChildBks,CookBks,RefBks,,,,,,,,
ChildBks,,,,,,,,,,
ChildBks,CookBks,DoItYBks,RefBks,ArtBks,GeogBks,,,,,
ChildBks,GeogBks,,,,,,,,,
,,,,,,,,,,
ChildBks,Florence,,,,,,,,,
CookBks,DoItYBks,,,,,,,,,
,,,,,,,,,,
ChildBks,GeogBks,,,,,,,,,
GeogBks,,,,,,,,,,
ChildBks,CookBks,RefBks,GeogBks,,,,,,,
,,,,,,,,,,
ChildBks,CookBks,DoItYBks,ArtBks,GeogBks,,,,,,
,,,,,,,,,,
ChildBks,CookBks,DoItYBks,RefBks,ArtBks,GeogBks,,,,,
CookBks,,,,,,,,,,
CookBks,DoItYBks,ArtBks,,,,,,,,
ChildBks,YouthBks,DoItYBks,RefBks,GeogBks,,,,,,
CookBks,,,,,,,,,,
ChildBks,YouthBks,CookBks,DoItYBks,RefBks,ArtBks,ItalCook,,,,
YouthBks,,,,,,,,,,
,,,,,,,,,,
ChildBks,YouthBks,,,,,,,,,
ChildBks,,,,,,,,,,
,,,,,,,,,,
YouthBks,,,,,,,,,,
ChildBks,GeogBks,,,,,,,,,
CookBks,RefBks,,,,,,,,,
ChildBks,Florence,,,,,,,,,
ChildBks,CookBks,RefBks,ArtBks,GeogBks,ItalCook,ItalArt,Florence,,,
DoItYBks,,,,,,,,,,
CookBks,RefBks,GeogBks,ItalCook,ItalAtlas,,,,,,
ChildBks,YouthBks,CookBks,DoItYBks,RefBks,ArtBks,ItalCook,ItalArt,,,
,,,,,,,,,,
,,,,,,,,,,
YouthBks,ArtBks,,,,,,,,,
GeogBks,,,,,,,,,,
CookBks,DoItYBks,Florence,,,,,,,,
ArtBks,,,,,,,,,,
CookBks,,,,,,,,,,
CookBks,,,,,,,,,,
CookBks,ArtBks,,,,,,,,,
ChildBks,RefBks,,,,,,,,,
,,,,,,,,,,
ChildBks,YouthBks,CookBks,RefBks,ItalCook,,,,,,
YouthBks,CookBks,ItalCook,,,,,,,,
ChildBks,,,,,,,,,,
,,,,,,,,,,
ChildBks,YouthBks,CookBks,,,,,,,,
ChildBks,CookBks,DoItYBks,GeogBks,,,,,,,
DoItYBks,,,,,,,,,,
CookBks,ItalCook,,,,,,,,,
YouthBks,,,,,,,,,,
Florence,,,,,,,,,,
YouthBks,,,,,,,,,,
,,,,,,,,,,
YouthBks,,,,,,,,,,
DoItYBks,,,,,,,,,,
CookBks,ArtBks,,,,,,,,,
,,,,,,,,,,
GeogBks,,,,,,,,,,
,,,,,,,,,,
,,,,,,,,,,
CookBks,,,,,,,,,,
ChildBks,CookBks,RefBks,ArtBks,ItalCook,ItalAtlas,ItalArt,,,,
GeogBks,,,,,,,,,,
ChildBks,CookBks,DoItYBks,RefBks,ArtBks,GeogBks,,,,,
,,,,,,,,,,
DoItYBks,RefBks,ArtBks,,,,,,,,
ChildBks,CookBks,DoItYBks,RefBks,ArtBks,GeogBks,Florence,,,,
CookBks,,,,,,,,,,
ChildBks,YouthBks,DoItYBks,GeogBks,,,,,,,
CookBks,,,,,,,,,,
ArtBks,GeogBks,,,,,,,,,
YouthBks,,,,,,,,,,
,,,,,,,,,,
CookBks,,,,,,,,,,
ArtBks,Florence,,,,,,,,,
,,,,,,,,,,
CookBks,,,,,,,,,,
,,,,,,,,,,
ChildBks,,,,,,,,,,
,,,,,,,,,,
YouthBks,Florence,,,,,,,,,
,,,,,,,,,,
ChildBks,CookBks,DoItYBks,ArtBks,ItalCook,ItalArt,Florence,,,,
ChildBks,CookBks,,,,,,,,,
DoItYBks,,,,,,,,,,
DoItYBks,GeogBks,Florence,,,,,,,,
,,,,,,,,,,
DoItYBks,,,,,,,,,,
CookBks,DoItYBks,ArtBks,GeogBks,,,,,,,
CookBks,,,,,,,,,,
ChildBks,ArtBks,,,,,,,,,
DoItYBks,,,,,,,,,,
ArtBks,,,,,,,,,,
YouthBks,,,,,,,,,,
YouthBks,CookBks,DoItYBks,RefBks,ItalCook,Florence,,,,,
CookBks,RefBks,GeogBks,ItalAtlas,,,,,,,
RefBks,,,,,,,,,,
,,,,,,,,,,
ChildBks,CookBks,DoItYBks,ArtBks,Florence,,,,,,
ChildBks,YouthBks,CookBks,DoItYBks,,,,,,,
,,,,,,,,,,
ChildBks,YouthBks,CookBks,RefBks,GeogBks,ItalCook,,,,,
,,,,,,,,,,
CookBks,ItalCook,,,,,,,,,
,,,,,,,,,,
ChildBks,YouthBks,CookBks,DoItYBks,RefBks,ArtBks,GeogBks,ItalCook,ItalAtlas,ItalArt,
DoItYBks,RefBks,,,,,,,,,
,,,,,,,,,,
YouthBks,RefBks,,,,,,,,,
YouthBks,,,,,,,,,,
ChildBks,DoItYBks,RefBks,ArtBks,GeogBks,Florence,,,,,
ChildBks,,,,,,,,,,
,,,,,,,,,,
CookBks,GeogBks,,,,,,,,,
YouthBks,CookBks,RefBks,GeogBks,,,,,,,
ChildBks,CookBks,RefBks,GeogBks,,,,,,,
DoItYBks,RefBks,ArtBks,GeogBks,,,,,,,
GeogBks,,,,,,,,,,
YouthBks,,,,,,,,,,
ChildBks,DoItYBks,,,,,,,,,
ChildBks,YouthBks,,,,,,,,,
RefBks,,,,,,,,,,
,,,,,,,,,,
ChildBks,CookBks,DoItYBks,RefBks,,,,,,,
YouthBks,CookBks,,,,,,,,,
CookBks,,,,,,,,,,
CookBks,GeogBks,ItalCook,,,,,,,,
YouthBks,,,,,,,,,,
ChildBks,CookBks,DoItYBks,RefBks,ArtBks,GeogBks,Florence,,,,
ChildBks,RefBks,GeogBks,,,,,,,,
YouthBks,,,,,,,,,,
ChildBks,YouthBks,CookBks,ArtBks,GeogBks,Florence,,,,,
,,,,,,,,,,
,,,,,,,,,,
Florence,,,,,,,,,,
ChildBks,,,,,,,,,,
ChildBks,CookBks,DoItYBks,RefBks,ItalAtlas,,,,,,
,,,,,,,,,,
ChildBks,,,,,,,,,,
CookBks,,,,,,,,,,
ChildBks,,,,,,,,,,
YouthBks,,,,,,,,,,
,,,,,,,,,,
YouthBks,ArtBks,Florence,,,,,,,,
ChildBks,YouthBks,CookBks,RefBks,ArtBks,GeogBks,,,,,
ChildBks,YouthBks,,,,,,,,,
Florence,,,,,,,,,,
ChildBks,YouthBks,CookBks,RefBks,ArtBks,GeogBks,ItalCook,,,,
CookBks,ArtBks,,,,,,,,,
,,,,,,,,,,
ChildBks,DoItYBks,,,,,,,,,
,,,,,,,,,,
ChildBks,YouthBks,CookBks,RefBks,GeogBks,ItalCook,ItalAtlas,Florence,,,
CookBks,ArtBks,,,,,,,,,
,,,,,,,,,,
,,,,,,,,,,
CookBks,RefBks,GeogBks,ItalCook,,,,,,,
ChildBks,YouthBks,CookBks,,,,,,,,
,,,,,,,,,,
YouthBks,,,,,,,,,,
,,,,,,,,,,
ChildBks,YouthBks,CookBks,DoItYBks,RefBks,ArtBks,GeogBks,,,,
ChildBks,YouthBks,CookBks,RefBks,ArtBks,GeogBks,,,,,
ChildBks,CookBks,GeogBks,ItalCook,Florence,,,,,,
ChildBks,CookBks,,,,,,,,,
,,,,,,,,,,
ChildBks,,,,,,,,,,
,,,,,,,,,,
,,,,,,,,,,
ChildBks,,,,,,,,,,
YouthBks,CookBks,ItalCook,,,,,,,,
,,,,,,,,,,
ChildBks,YouthBks,GeogBks,,,,,,,,
,,,,,,,,,,
,,,,,,,,,,
ChildBks,,,,,,,,,,
YouthBks,CookBks,DoItYBks,RefBks,ArtBks,GeogBks,,,,,
ArtBks,Florence,,,,,,,,,
,,,,,,,,,,
CookBks,RefBks,,,,,,,,,
ChildBks,YouthBks,CookBks,RefBks,GeogBks,,,,,,
ArtBks,,,,,,,,,,
CookBks,,,,,,,,,,
ChildBks,CookBks,DoItYBks,RefBks,ArtBks,GeogBks,,,,,
,,,,,,,,,,
ChildBks,YouthBks,CookBks,,,,,,,,
ChildBks,YouthBks,CookBks,DoItYBks,RefBks,GeogBks,,,,,
ChildBks,YouthBks,CookBks,RefBks,ArtBks,GeogBks,,,,,
,,,,,,,,,,
ChildBks,CookBks,DoItYBks,RefBks,GeogBks,,,,,,
Florence,,,,,,,,,,
ChildBks,,,,,,,,,,
,,,,,,,,,,
CookBks,DoItYBks,GeogBks,,,,,,,,
GeogBks,,,,,,,,,,
ChildBks,YouthBks,CookBks,DoItYBks,RefBks,ArtBks,GeogBks,,,,
ChildBks,YouthBks,ArtBks,GeogBks,,,,,,,
YouthBks,CookBks,DoItYBks,ArtBks,GeogBks,ItalCook,ItalArt,,,,
RefBks,,,,,,,,,,
,,,,,,,,,,
ChildBks,CookBks,DoItYBks,ArtBks,GeogBks,,,,,,
DoItYBks,,,,,,,,,,
YouthBks,CookBks,RefBks,ArtBks,,,,,,,
ChildBks,YouthBks,CookBks,DoItYBks,ArtBks,,,,,,
,,,,,,,,,,
ChildBks,YouthBks,,,,,,,,,
ChildBks,YouthBks,CookBks,DoItYBks,RefBks,ArtBks,GeogBks,Florence,,,
ChildBks,YouthBks,ArtBks,,,,,,,,
,,,,,,,,,,
ChildBks,ArtBks,GeogBks,Florence,,,,,,,
DoItYBks,,,,,,,,,,
ChildBks,CookBks,DoItYBks,GeogBks,,,,,,,
ChildBks,DoItYBks,RefBks,GeogBks,,,,,,,
ChildBks,CookBks,DoItYBks,RefBks,GeogBks,ItalCook,ItalAtlas,,,,
YouthBks,ArtBks,Florence,,,,,,,,
Florence,,,,,,,,,,
GeogBks,,,,,,,,,,
Florence,,,,,,,,,,
ChildBks,YouthBks,CookBks,DoItYBks,ArtBks,GeogBks,,,,,
ChildBks,CookBks,RefBks,ItalAtlas,,,,,,,
ChildBks,,,,,,,,,,
ChildBks,CookBks,ItalCook,,,,,,,,
ChildBks,YouthBks,CookBks,DoItYBks,RefBks,ArtBks,GeogBks,ItalCook,ItalArt,,
ChildBks,CookBks,DoItYBks,RefBks,ItalCook,ItalAtlas,Florence,,,,
YouthBks,,,,,,,,,,
ChildBks,,,,,,,,,,
ChildBks,YouthBks,CookBks,DoItYBks,ArtBks,GeogBks,,,,,
ChildBks,DoItYBks,RefBks,ArtBks,,,,,,,
ChildBks,,,,,,,,,,
ChildBks,DoItYBks,,,,,,,,,
YouthBks,CookBks,DoItYBks,GeogBks,ItalCook,,,,,,
,,,,,,,,,,
ChildBks,Florence,,,,,,,,,
GeogBks,,,,,,,,,,
,,,,,,,,,,
CookBks,,,,,,,,,,
ChildBks,,,,,,,,,,
DoItYBks,ArtBks,,,,,,,,,
ChildBks,Florence,,,,,,,,,
CookBks,,,,,,,,,,
YouthBks,,,,,,,,,,
ChildBks,CookBks,RefBks,GeogBks,,,,,,,
CookBks,DoItYBks,ArtBks,,,,,,,,
CookBks,DoItYBks,ArtBks,ItalCook,,,,,,,
,,,,,,,,,,
CookBks,,,,,,,,,,
ChildBks,YouthBks,CookBks,RefBks,ArtBks,ItalCook,ItalAtlas,ItalArt,,,
ChildBks,,,,,,,,,,
ChildBks,,,,,,,,,,
,,,,,,,,,,
ChildBks,YouthBks,CookBks,DoItYBks,ArtBks,GeogBks,,,,,
,,,,,,,,,,
ChildBks,,,,,,,,,,
ChildBks,CookBks,DoItYBks,GeogBks,ItalCook,,,,,,
ArtBks,,,,,,,,,,
YouthBks,CookBks,DoItYBks,ArtBks,GeogBks,ItalCook,ItalArt,,,,
,,,,,,,,,,
,,,,,,,,,,
CookBks,ArtBks,GeogBks,ItalCook,ItalArt,Florence,,,,,
,,,,,,,,,,
,,,,,,,,,,
CookBks,,,,,,,,,,
